"id","name","type_tax_use","amount_type","amount","invoice_label","description","description@az","tax_group_id","active","children_tax_ids","tax_exigibility","cash_basis_transition_account_id","is_withholding_tax","fiscal_position_ids","original_tax_ids","repartition_line_ids/factor_percent","repartition_line_ids/repartition_type","repartition_line_ids/document_type","repartition_line_ids/account_id","repartition_line_ids/tag_ids","repartition_line_ids/use_in_tax_closing"
"az_tax_sale_vat_18","18% REC","sale","percent","18","18%","Supply of goods, performance of works, rendering of services","Malların təqdim edilməsi, işlərin görülməsi, xidmətlərin göstərilməsi üzrə əməliyyatlar","az_tax_group_vat_18","1","","on_payment","az_account_52120","0","az_fiscal_position_vat","","100","base","invoice","","1(B)",""
"","","","","","","","","","","","","","","","","100","tax","invoice","az_account_52110","1(T)","1"
"","","","","","","","","","","","","","","","","100","base","refund","","1(B)",""
"","","","","","","","","","","","","","","","","100","tax","refund","az_account_52110","1(T)","1"
"az_tax_sale_vat_18_r","18% R","sale","percent","0","18%","Supply of goods, performance of works, rendering of services","Malların təqdim edilməsi, işlərin görülməsi, xidmətlərin göstərilməsi üzrə əməliyyatlar","az_tax_group_vat_18","1","","on_invoice","","0","az_fiscal_position_vat","","100","base","invoice","","9(B)",""
"","","","","","","","","","","","","","","","","100","tax","invoice","az_account_52110","","1"
"","","","","","","","","","","","","","","","","100","base","refund","","9(B)",""
"","","","","","","","","","","","","","","","","100","tax","refund","az_account_52110","","1"
"az_tax_sale_vat_18_group","18%","sale","group","18","18%","Supply of goods, performance of works, rendering of services","Malların təqdim edilməsi, işlərin görülməsi, xidmətlərin göstərilməsi üzrə əməliyyatlar","az_tax_group_vat_18","1","az_tax_sale_vat_18,az_tax_sale_vat_18_r","","","0","az_fiscal_position_vat","","","","","","",""
"az_tax_sale_vat_18_a","18% A","sale","percent","18","18%","Agricultural products resale","Digər şəxslərdən alınan və ya idxal olunan kənd təsərrüfatı məhsullarının (xarici mənşəli balıq məhsulları istisna olmaqla) satışı üzrə əməliyyatlar","az_tax_group_vat_18","1","","on_payment","az_account_52120","0","az_fiscal_position_vat","","100","base","invoice","","3(B)",""
"","","","","","","","","","","","","","","","","100","tax","invoice","az_account_52110","3(T)","1"
"","","","","","","","","","","","","","","","","100","base","refund","","3(B)",""
"","","","","","","","","","","","","","","","","100","tax","refund","az_account_52110","3(T)","1"
"az_tax_sale_vat_18_a_r","18% A R","sale","percent","0","18%","Agricultural products resale","Digər şəxslərdən alınan və ya idxal olunan kənd təsərrüfatı məhsullarının (xarici mənşəli balıq məhsulları istisna olmaqla) satışı üzrə əməliyyatlar","az_tax_group_vat_18","1","","on_invoice","","0","az_fiscal_position_vat","","100","base","invoice","","9(B)",""
"","","","","","","","","","","","","","","","","100","tax","invoice","az_account_52110","3(T)","1"
"","","","","","","","","","","","","","","","","100","base","refund","","9(B)",""
"","","","","","","","","","","","","","","","","100","tax","refund","az_account_52110","3(T)","1"
"az_tax_sale_vat_0_rec","0% REC","sale","percent","0","0%","Zero-rated operations","ƏDV-yə sıfır (0) faiz dərəcə ilə cəlb olunan əməliyyatlar","az_tax_group_vat_0","1","","on_invoice","","0","az_fiscal_position_vat","","100","base","invoice","","10(B)",""
"","","","","","","","","","","","","","","","","100","tax","invoice","","","0"
"","","","","","","","","","","","","","","","","100","base","refund","","10(B)",""
"","","","","","","","","","","","","","","","","100","tax","refund","","","0"
"az_tax_sale_vat_0","0% R","sale","percent","0","0%","Zero-rated operations","ƏDV-yə sıfır (0) faiz dərəcə ilə cəlb olunan əməliyyatlar","az_tax_group_vat_0","1","","on_payment","az_account_52120","0","az_fiscal_position_vat","","100","base","invoice","","4(B)",""
"","","","","","","","","","","","","","","","","100","tax","invoice","","","0"
"","","","","","","","","","","","","","","","","100","base","refund","","4(B)",""
"","","","","","","","","","","","","","","","","100","tax","refund","","","0"
"az_tax_sale_vat_0_group","0%","sale","group","0","0%","Zero-rated operations","ƏDV-yə sıfır (0) faiz dərəcə ilə cəlb olunan əməliyyatlar","az_tax_group_vat_0","1","az_tax_sale_vat_0_rec,az_tax_sale_vat_0","","","0","az_fiscal_position_vat","az_tax_sale_vat_18_group","","","","","",""
"az_tax_sale_vat_0_e_rec","0% E REC","sale","percent","0","Exempt","VAT-exempt operations","ƏDV-dən azad olunan əməliyyatlar","az_tax_group_vat_exempt","1","","on_invoice","","0","az_fiscal_position_vat","","100","base","invoice","","11(B)",""
"","","","","","","","","","","","","","","","","100","tax","invoice","","","1"
"","","","","","","","","","","","","","","","","100","base","refund","","11(B)",""
"","","","","","","","","","","","","","","","","100","tax","refund","","","1"
"az_tax_sale_vat_0_e","0% E R","sale","percent","0","Exempt","VAT-exempt operations","ƏDV-dən azad olunan əməliyyatlar","az_tax_group_vat_exempt","1","","on_payment","az_account_52120","0","az_fiscal_position_vat","","100","base","invoice","","5(B)",""
"","","","","","","","","","","","","","","","","100","tax","invoice","","","1"
"","","","","","","","","","","","","","","","","100","base","refund","","5(B)",""
"","","","","","","","","","","","","","","","","100","tax","refund","","","1"
"az_tax_sale_vat_0_e_group","0% E","sale","group","0","Exempt","VAT-exempt operations","ƏDV-dən azad olunan əməliyyatlar","az_tax_group_vat_exempt","1","az_tax_sale_vat_0_e_rec,az_tax_sale_vat_0_e","","","0","az_fiscal_position_vat","az_tax_sale_vat_18_group","","","","","",""
"az_tax_sale_vat_18_m","18% M","sale","percent","18","18%","Trade mark-up on retail of local agricultural products","Kənd təsərrüfatı məhsullarının satışı üzrə ƏDV-nə cəlb olunan ticarət əlavəsi","az_tax_group_vat_18","1","","on_payment","az_account_52120","0","az_fiscal_position_vat","az_tax_sale_vat_18_group","100","base","invoice","","2(B)",""
"","","","","","","","","","","","","","","","","100","tax","invoice","az_account_52110","2(T)","0"
"","","","","","","","","","","","","","","","","100","base","refund","","2(B)",""
"","","","","","","","","","","","","","","","","100","tax","refund","az_account_52110","2(T)","0"
"az_tax_sale_vat_18_m_r","18% M R","sale","percent","0","18%","Trade mark-up on retail of local agricultural products","Kənd təsərrüfatı məhsullarının satışı üzrə ƏDV-nə cəlb olunan ticarət əlavəsi","az_tax_group_vat_18","1","","on_invoice","","0","az_fiscal_position_vat","az_tax_sale_vat_18_group","100","base","invoice","","9(B)",""
"","","","","","","","","","","","","","","","","100","tax","invoice","az_account_52110","2(T)","0"
"","","","","","","","","","","","","","","","","100","base","refund","","9(B)",""
"","","","","","","","","","","","","","","","","100","tax","refund","az_account_52110","2(T)","0"
"az_tax_sale_vat_20","20%","sale","percent","20","20%","Legacy rate on supply of goods, performance of works, rendering of services","Malların təqdim edilməsi, işlərin görülməsi, xidmətlərin göstərilməsi üzrə əməliyyatlar","az_tax_group_vat_20","0","","on_payment","az_account_52120","0","az_fiscal_position_vat","az_tax_sale_vat_18_group","100","base","invoice","","6(B)",""
"","","","","","","","","","","","","","","","","100","tax","invoice","az_account_52110","6(T)","1"
"","","","","","","","","","","","","","","","","100","base","refund","","6(B)",""
"","","","","","","","","","","","","","","","","100","tax","refund","az_account_52110","6(T)","1"
"az_tax_purchase_vat_18","18%","purchase","percent","18","18%","Domestic purchases with e-invoice, paid cashless","Alınmış mallar (işlər, xidmətlər) üzrə əvəzləşdirilən ƏDV","az_tax_group_vat_18","1","","on_payment","az_account_52120","0","az_fiscal_position_vat","","100","base","invoice","","12(B)",""
"","","","","","","","","","","","","","","","","100","tax","invoice","az_account_52170","12(T)","1"
"","","","","","","","","","","","","","","","","100","base","refund","","12(B)",""
"","","","","","","","","","","","","","","","","100","tax","refund","az_account_52170","12(T)","1"
"az_tax_purchase_vat_18_d","18% D","purchase","percent","18","18%","Cashless payments on pre-2001 debts","01.01.2001-ci il tarixinə olan borcların nağdsız qaydada ödənilmiş məbləği","az_tax_group_vat_18","0","","on_payment","az_account_52120","0","az_fiscal_position_vat","az_tax_purchase_vat_18","100","base","invoice","","13(B)",""
"","","","","","","","","","","","","","","","","100","tax","invoice","az_account_52170","13(T)","1"
"","","","","","","","","","","","","","","","","100","base","refund","","13(B)",""
"","","","","","","","","","","","","","","","","100","tax","refund","az_account_52170","13(T)","1"
"az_tax_purchase_vat_18_import","18% EX ONLY","purchase","division","100","18% Import","Goods imported in Azerbaijan","İdxalda ödənilmiş ƏDV","az_tax_group_vat_18","1","","on_payment","az_account_52120","0","","","100","base","invoice","","",""
"","","","","","","","","","","","","","","","","100","tax","invoice","az_account_52140","14(T)","1"
"","","","","","","","","","","","","","","","","100","base","refund","","",""
"","","","","","","","","","","","","","","","","100","tax","refund","az_account_52140","14(T)","1"
"az_tax_purchase_vat_18_import_base","18% EX ONLY B","purchase","percent","0","18% Import - Base","Goods imported in Azerbaijan","İdxalda ödənilmiş ƏDV","az_tax_group_vat_18","1","","on_payment","az_account_52120","0","az_fiscal_position_foreign","","100","base","invoice","","14(B)",""
"","","","","","","","","","","","","","","","","100","tax","invoice","","","0"
"","","","","","","","","","","","","","","","","100","base","refund","","14(B)",""
"","","","","","","","","","","","","","","","","100","tax","refund","","","0"
"az_tax_purchase_vat_18_rc","18% R C","purchase","percent","18","18% Reverse Charge","Reverse-charge VAT on non-resident services, self-assessed","Qeyri-rezidentin xidmətləri üzrə əks-hesablama ƏDV","az_tax_group_vat_18","1","","on_payment","az_account_52120","0","az_fiscal_position_foreign,az_fiscal_position_non_vat","az_tax_purchase_vat_18","100","base","invoice","","7(B)||16(B)",""
"","","","","","","","","","","","","","","","","100","tax","invoice","az_account_52150","16(T)","1"
"","","","","","","","","","","","","","","","","-100","tax","invoice","az_account_52170","7(T)","1"
"","","","","","","","","","","","","","","","","100","base","refund","","7(B)||16(B)",""
"","","","","","","","","","","","","","","","","100","tax","refund","az_account_52150","16(T)","1"
"","","","","","","","","","","","","","","","","-100","tax","refund","az_account_52170","7(T)","1"
"az_tax_purchase_vat_0_rc","0% R C","purchase","percent","0","0% Reverse Charge","Exempt transactions for services/works by non-resident NOT registered for VAT purposes","Qeyri-rezident azad olunan əməliyyatlar","az_tax_group_vat_0","1","","on_payment","az_account_52120","0","az_fiscal_position_non_vat","az_tax_purchase_vat_18","100","base","invoice","","8(B)",""
"","","","","","","","","","","","","","","","","100","tax","invoice","","","1"
"","","","","","","","","","","","","","","","","100","base","refund","","8(B)",""
"","","","","","","","","","","","","","","","","100","tax","refund","","","1"
"az_tax_purchase_vat_18_c","18% C","purchase","percent","18","18%","Domestic purchases with cash / informal payment","Nağd ödəniş üzrə əvəzləşdirilməyən ƏDV","az_tax_group_vat_18","1","","on_payment","az_account_52120","0","az_fiscal_position_vat","az_tax_purchase_vat_18","100","base","invoice","","",""
"","","","","","","","","","","","","","","","","100","tax","invoice","","17(T)","1"
"","","","","","","","","","","","","","","","","100","base","refund","","",""
"","","","","","","","","","","","","","","","","100","tax","refund","","17(T)","1"
"az_tax_purchase_vat_18_i","18% I","purchase","percent","18","18%","The document/transaction-integrity failures","Etibarsız sənəd/əməliyyat üzrə əvəzləşdirilməyən ƏDV","az_tax_group_vat_18","1","","on_payment","az_account_52120","0","az_fiscal_position_vat","az_tax_purchase_vat_18","100","base","invoice","","",""
"","","","","","","","","","","","","","","","","100","tax","invoice","","18(T)","1"
"","","","","","","","","","","","","","","","","100","base","refund","","",""
"","","","","","","","","","","","","","","","","100","tax","refund","","18(T)","1"
"az_tax_purchase_vat_18_u","18% U","purchase","percent","18","18%","The apportionment/use failures","Bölgü/istifadə üzrə əvəzləşdirilməyən ƏDV","az_tax_group_vat_18","1","","on_payment","az_account_52120","0","az_fiscal_position_vat","az_tax_purchase_vat_18","100","base","invoice","","",""
"","","","","","","","","","","","","","","","","100","tax","invoice","","19(T)","1"
"","","","","","","","","","","","","","","","","100","base","refund","","",""
"","","","","","","","","","","","","","","","","100","tax","refund","","19(T)","1"
"az_tax_purchase_vat_0","0%","purchase","percent","0","0%","Zero-rate and exempt purchases (no creditable VAT)","Sıfır dərəcəli və azad alışlar","az_tax_group_vat_0","1","","on_payment","az_account_52120","0","","az_tax_purchase_vat_18","100","base","invoice","","20(B)",""
"","","","","","","","","","","","","","","","","100","tax","invoice","","","0"
"","","","","","","","","","","","","","","","","100","base","refund","","20(B)",""
"","","","","","","","","","","","","","","","","100","tax","refund","","","0"
"az_tax_purchase_vat_0_import_base","0% EX ONLY B","purchase","percent","0","0% Import - Base","Value of exempt imports in Azerbaijan","İdxalda ƏDV-dən azad olunan malların dəyəri","az_tax_group_vat_0","1","","on_payment","az_account_52120","0","az_fiscal_position_foreign","","100","base","invoice","","15(B)",""
"","","","","","","","","","","","","","","","","100","tax","invoice","","","0"
"","","","","","","","","","","","","","","","","100","base","refund","","15(B)",""
"","","","","","","","","","","","","","","","","100","tax","refund","","","0"
"az_tax_vat_returned","VAT","none","percent","100","VAT","Returned VAT","Bərpa edilən ƏDV","az_tax_group_vat_return","1","","on_invoice","","0","az_fiscal_position_vat","","100","base","invoice","","",""
"","","","","","","","","","","","","","","","","100","tax","invoice","az_account_52130","22(T)","0"
"","","","","","","","","","","","","","","","","100","base","refund","","",""
"","","","","","","","","","","","","","","","","100","tax","refund","az_account_52130","22(T)","0"
"az_tax_vat_ref_pre","REF PRE","sale","percent","18","VAT","Credit note impacting VAT of the previous period","Əvvəlki dövrün ƏDV-nə təsir edən kredit-not","az_tax_group_vat_return","1","","on_payment","az_account_52120","0","az_fiscal_position_vat","","100","base","invoice","","21(B)",""
"","","","","","","","","","","","","","","","","100","tax","invoice","az_account_52110","21(T)","1"
"","","","","","","","","","","","","","","","","100","base","refund","","21(B)",""
"","","","","","","","","","","","","","","","","100","tax","refund","az_account_52110","21(T)","1"
"az_tax_red","RED","none","percent","100","","Tax to be reduced","Azaldılmalı verginin məbləği","az_tax_group_simplified","1","","on_invoice","","0","az_fiscal_position_non_vat","","100","base","invoice","","SV1",""
"","","","","","","","","","","","","","","","","100","tax","invoice","az_account_52165","","1"
"","","","","","","","","","","","","","","","","100","base","refund","","SV1",""
"","","","","","","","","","","","","","","","","100","tax","refund","az_account_52165","","1"
"az_tax_wht_div_5_d","5% WH D D","purchase","percent","-5","5% Withholding","Deducted Withholding on Payment - Dividends","","az_tax_group_wht_div_5","0","","on_invoice","","1","az_fiscal_position_foreign","","100","base","invoice","","2(B)_W_D",""
"","","","","","","","","","","","","","","","","100","tax","invoice","az_account_52190","2(T)_W_D","0"
"","","","","","","","","","","","","","","","","100","base","refund","","2(B)_W_D",""
"","","","","","","","","","","","","","","","","100","tax","refund","az_account_52190","2(T)_W_D","0"
"az_tax_wht_int_10_d","10% WH I D","purchase","percent","-10","10% Withholding","Deducted Withholding on Payment - Interest","","az_tax_group_wht_int_10","0","","on_invoice","","1","az_fiscal_position_foreign","","100","base","invoice","","4(B)_W_D",""
"","","","","","","","","","","","","","","","","100","tax","invoice","az_account_52190","4(T)_W_D","0"
"","","","","","","","","","","","","","","","","100","base","refund","","4(B)_W_D",""
"","","","","","","","","","","","","","","","","100","tax","refund","az_account_52190","4(T)_W_D","0"
"az_tax_wht_roy_14_d","14% WH R D","purchase","percent","-14","14% Withholding","Deducted Withholding on Payment - Royalties","","az_tax_group_wht_roy_14","0","","on_invoice","","1","az_fiscal_position_foreign","","100","base","invoice","","7(B)_W_D",""
"","","","","","","","","","","","","","","","","100","tax","invoice","az_account_52190","7(T)_W_D","0"
"","","","","","","","","","","","","","","","","100","base","refund","","7(B)_W_D",""
"","","","","","","","","","","","","","","","","100","tax","refund","az_account_52190","7(T)_W_D","0"
"az_tax_wht_div_5_g","5% WH D G","purchase","division","5","5% Withholding","Gross Withholding on Payment - Dividends","","az_tax_group_wht_div_5","1","","on_payment","az_account_52191","0","az_fiscal_position_foreign","","100","base","invoice","","2(B)_W_G",""
"","","","","","","","","","","","","","","","","100","tax","invoice","az_account_52190","","0"
"","","","","","","","","","","","","","","","","-100","tax","invoice","az_account_52192","2(T)_W_G","0"
"","","","","","","","","","","","","","","","","100","base","refund","","2(B)_W_G",""
"","","","","","","","","","","","","","","","","100","tax","refund","az_account_52190","","0"
"","","","","","","","","","","","","","","","","-100","tax","refund","az_account_52192","2(T)_W_G","0"
"az_tax_wht_int_10_g","10% WH I G","purchase","division","10","10% Withholding","Gross Withholding on Payment - Interest","","az_tax_group_wht_int_10","1","","on_payment","az_account_52191","0","az_fiscal_position_foreign","","100","base","invoice","","4(B)_W_G",""
"","","","","","","","","","","","","","","","","100","tax","invoice","az_account_52190","","0"
"","","","","","","","","","","","","","","","","-100","tax","invoice","az_account_52192","4(T)_W_G","0"
"","","","","","","","","","","","","","","","","100","base","refund","","4(B)_W_G",""
"","","","","","","","","","","","","","","","","100","tax","refund","az_account_52190","","0"
"","","","","","","","","","","","","","","","","-100","tax","refund","az_account_52192","4(T)_W_G","0"
"az_tax_wht_roy_14_g","14% WH R G","purchase","division","14","14% Withholding","Gross Withholding on Payment - Royalties","","az_tax_group_wht_roy_14","1","","on_payment","az_account_52191","0","az_fiscal_position_foreign","","100","base","invoice","","7(B)_W_G",""
"","","","","","","","","","","","","","","","","100","tax","invoice","az_account_52190","","0"
"","","","","","","","","","","","","","","","","-100","tax","invoice","az_account_52192","7(T)_W_G","0"
"","","","","","","","","","","","","","","","","100","base","refund","","7(B)_W_G",""
"","","","","","","","","","","","","","","","","100","tax","refund","az_account_52190","","0"
"","","","","","","","","","","","","","","","","-100","tax","refund","az_account_52192","7(T)_W_G","0"
"az_tax_wht_rent_14_d","14% WH RE D","purchase","percent","-14","14% Withholding","Deducted Withholding on Payment - Rental fees for movable and immovable property","","az_tax_group_wht_rent_14","0","","on_invoice","","1","az_fiscal_position_foreign","","100","base","invoice","","6(B)_W_D",""
"","","","","","","","","","","","","","","","","100","tax","invoice","az_account_52190","6(T)_W_D","0"
"","","","","","","","","","","","","","","","","100","base","refund","","6(B)_W_D",""
"","","","","","","","","","","","","","","","","100","tax","refund","az_account_52190","6(T)_W_D","0"
"az_tax_wht_low_10_d","10% WH P D","purchase","percent","-10","10% Withholding","Deducted Withholding on Payment - Payments to low-tax jurisdictions","","az_tax_group_wht_low_10","0","","on_invoice","","1","az_fiscal_position_foreign","","100","base","invoice","","5(B)_W_D",""
"","","","","","","","","","","","","","","","","100","tax","invoice","az_account_52190","5(T)_W_D","0"
"","","","","","","","","","","","","","","","","100","base","refund","","5(B)_W_D",""
"","","","","","","","","","","","","","","","","100","tax","refund","az_account_52190","5(T)_W_D","0"
"az_tax_wht_ins_4_d","4% WH INS D","purchase","percent","-4","4% Withholding","Deducted Withholding on Payment - Risk insurance or reinsurance payments","","az_tax_group_wht_ins_4","0","","on_invoice","","1","az_fiscal_position_foreign","","100","base","invoice","","1(B)_W_D",""
"","","","","","","","","","","","","","","","","100","tax","invoice","az_account_52190","1(T)_W_D","0"
"","","","","","","","","","","","","","","","","100","base","refund","","1(B)_W_D",""
"","","","","","","","","","","","","","","","","100","tax","refund","az_account_52190","1(T)_W_D","0"
"az_tax_wht_oth_10_d","10% WH O I D","purchase","percent","-10","10% Withholding","Deducted Withholding on Payment - Other Azerbaijan-source income","","az_tax_group_wht_oth_10","0","","on_invoice","","1","az_fiscal_position_foreign","","100","base","invoice","","8(B)_W_D",""
"","","","","","","","","","","","","","","","","100","tax","invoice","az_account_52190","8(T)_W_D","0"
"","","","","","","","","","","","","","","","","100","base","refund","","8(B)_W_D",""
"","","","","","","","","","","","","","","","","100","tax","refund","az_account_52190","8(T)_W_D","0"
"az_tax_wht_tel_6_d","6% WH T D","purchase","percent","-6","6 Withholding","Deducted Withholding on Payment - Telecommunications or international transport services","","az_tax_group_wht_tel_6","0","","on_invoice","","1","az_fiscal_position_foreign","","100","base","invoice","","3(B)_W_D",""
"","","","","","","","","","","","","","","","","100","tax","invoice","az_account_52190","3(T)_W_D","0"
"","","","","","","","","","","","","","","","","100","base","refund","","3(B)_W_D",""
"","","","","","","","","","","","","","","","","100","tax","refund","az_account_52190","3(T)_W_D","0"
"az_tax_wht_rent_14_g","14% WH RE G","purchase","division","14","14% Withholding","Gross Withholding on Payment - Rental fees for movable and immovable property","","az_tax_group_wht_rent_14","1","","on_payment","az_account_52191","0","az_fiscal_position_foreign","","100","base","invoice","","6(B)_W_G",""
"","","","","","","","","","","","","","","","","100","tax","invoice","az_account_52190","","0"
"","","","","","","","","","","","","","","","","-100","tax","invoice","az_account_52192","6(T)_W_G","0"
"","","","","","","","","","","","","","","","","100","base","refund","","6(B)_W_G",""
"","","","","","","","","","","","","","","","","100","tax","refund","az_account_52190","","0"
"","","","","","","","","","","","","","","","","-100","tax","refund","az_account_52192","6(T)_W_G","0"
"az_tax_wht_low_10_g","10% WH P G","purchase","division","10","10% Withholding","Gross Withholding on Payment - Payments to low-tax jurisdictions","","az_tax_group_wht_low_10","1","","on_payment","az_account_52191","0","az_fiscal_position_foreign","","100","base","invoice","","5(B)_W_G",""
"","","","","","","","","","","","","","","","","100","tax","invoice","az_account_52190","","0"
"","","","","","","","","","","","","","","","","-100","tax","invoice","az_account_52192","5(T)_W_G","0"
"","","","","","","","","","","","","","","","","100","base","refund","","5(B)_W_G",""
"","","","","","","","","","","","","","","","","100","tax","refund","az_account_52190","","0"
"","","","","","","","","","","","","","","","","-100","tax","refund","az_account_52192","5(T)_W_G","0"
"az_tax_wht_ins_4_g","4% WH INS G","purchase","division","4","4% Withholding","Gross Withholding on Payment - Risk insurance or reinsurance payments","","az_tax_group_wht_ins_4","1","","on_payment","az_account_52191","0","az_fiscal_position_foreign","","100","base","invoice","","1(B)_W_G",""
"","","","","","","","","","","","","","","","","100","tax","invoice","az_account_52190","","0"
"","","","","","","","","","","","","","","","","-100","tax","invoice","az_account_52192","1(T)_W_G","0"
"","","","","","","","","","","","","","","","","100","base","refund","","1(B)_W_G",""
"","","","","","","","","","","","","","","","","100","tax","refund","az_account_52190","","0"
"","","","","","","","","","","","","","","","","-100","tax","refund","az_account_52192","1(T)_W_G","0"
"az_tax_wht_oth_10_g","10% WH O I G","purchase","division","10","10% Withholding","Gross Withholding on Payment - Other Azerbaijan-source income","","az_tax_group_wht_oth_10","1","","on_payment","az_account_52191","0","az_fiscal_position_foreign","","100","base","invoice","","8(B)_W_G",""
"","","","","","","","","","","","","","","","","100","tax","invoice","az_account_52190","","0"
"","","","","","","","","","","","","","","","","-100","tax","invoice","az_account_52192","8(T)_W_G","0"
"","","","","","","","","","","","","","","","","100","base","refund","","8(B)_W_G",""
"","","","","","","","","","","","","","","","","100","tax","refund","az_account_52190","","0"
"","","","","","","","","","","","","","","","","-100","tax","refund","az_account_52192","8(T)_W_G","0"
"az_tax_wht_tel_6_g","6% WH T G","purchase","division","6","6% Withholding","Gross Withholding on Payment - Telecommunications or international transport services","","az_tax_group_wht_tel_6","1","","on_payment","az_account_52191","0","az_fiscal_position_foreign","","100","base","invoice","","3(B)_W_G",""
"","","","","","","","","","","","","","","","","100","tax","invoice","az_account_52190","","0"
"","","","","","","","","","","","","","","","","-100","tax","invoice","az_account_52192","3(T)_W_G","0"
"","","","","","","","","","","","","","","","","100","base","refund","","3(B)_W_G",""
"","","","","","","","","","","","","","","","","100","tax","refund","az_account_52190","","0"
"","","","","","","","","","","","","","","","","-100","tax","refund","az_account_52192","3(T)_W_G","0"
