"id","name","code","account_type","reconcile","name@vi_VN","tag_ids"
"chart1111","Cash","111","asset_cash","False","Tiền mặt",""
"chart112","Demand Deposit","112","asset_cash","False","Tiền gửi không kỳ hạn",""
"chart1121","Bank Suspense Account","1121","asset_current","False","Tài khoản tạm thời ngân hàng",""
"chart1131","Money in transit","113","asset_cash","False","Tiền đang chuyển",""
"account_journal_payment_debit_account_id","Outstanding Receipts","1131","asset_current","True","Biên lai chưa thanh toán",""
"account_journal_payment_credit_account_id","Outstanding Payments","1132","asset_current","True","Khoản chi chưa thanh toán",""
"chart121","Trading Securities","121","asset_current","False","Chứng khoán kinh doanh","l10n_vn.operating_trading_securities"
"chart12811","Time deposits - less than 3 months","12811","asset_current","False","Tiền gửi có kỳ hạn - dưới 3 tháng","l10n_vn.investing_cash_out_debt_instruments,l10n_vn.investing_cash_in_debt_instruments"
"chart12812","Time deposits - 3-12 months","12812","asset_current","False","Tiền gửi có kỳ hạn - 3-12 tháng","l10n_vn.investing_cash_out_debt_instruments,l10n_vn.investing_cash_in_debt_instruments"
"chart12813","Time deposits - long term","12813","asset_current","False","Tiền gửi có kỳ hạn - dài hạn","l10n_vn.investing_cash_out_debt_instruments,l10n_vn.investing_cash_in_debt_instruments"
"chart12822","Bonds - 3-12 months","12822","asset_current","False","Trái phiếu - 3-12 tháng","l10n_vn.investing_cash_out_debt_instruments,l10n_vn.investing_cash_in_debt_instruments"
"chart12823","Bonds - long term","12823","asset_current","False","Trái phiếu - dài hạn","l10n_vn.investing_cash_out_debt_instruments,l10n_vn.investing_cash_in_debt_instruments"
"chart12831","Loans - short term","12831","asset_current","False","Cho vay - ngắn hạn","l10n_vn.investing_cash_out_debt_instruments,l10n_vn.investing_cash_in_debt_instruments"
"chart12832","Loans - long term","12832","asset_current","False","Cho vay - dài hạn","l10n_vn.investing_cash_out_debt_instruments,l10n_vn.investing_cash_in_debt_instruments"
"chart12881","Other investments held to maturity - less than 3 months","12881","asset_current","False","Các khoản đầu tư khác nắm giữ đến ngày đáo hạn - dưới 3 tháng","l10n_vn.investing_cash_out_debt_instruments,l10n_vn.investing_cash_in_debt_instruments"
"chart12882","Other investments held to maturity - 3-12 months","12882","asset_current","False","Các khoản đầu tư khác nắm giữ đến ngày đáo hạn - 3-12 tháng","l10n_vn.investing_cash_out_debt_instruments,l10n_vn.investing_cash_in_debt_instruments"
"chart12883","Other investments held to maturity - long term","12883","asset_current","False","Các khoản đầu tư khác nắm giữ đến ngày đáo hạn - dài hạn","l10n_vn.investing_cash_out_debt_instruments,l10n_vn.investing_cash_in_debt_instruments"
"chart1311","Trade receivables - short term","1311","asset_receivable","True","Phải thu của khách hàng - ngắn hạn",""
"chart13111","Trade receivables - short term","13111","asset_receivable","True","Phải thu của khách hàng - ngắn hạn","l10n_vn.operating_trade_receivable"
"chart13112","Trade receivables - short term - FA","13112","asset_receivable","True","","l10n_vn.investing_disposal_FA"
"chart1312","Trade receivables - long term","1312","asset_receivable","True","Phải thu của khách hàng - dài hạn",""
"chart13121","Trade receivables - long term - FA","13121","asset_receivable","True","","l10n_vn.investing_disposal_FA"
"chart1331","Deductible VAT of goods and services","1331","asset_current","False","Thuế GTGT HHDV mua vào","l10n_vn.operating_trade_receivable"
"chart1332","Deductible VAT of fixed assets","1332","asset_current","False","Thuế GTGT được khấu trừ của tài sản cố định","l10n_vn.operating_trade_receivable"
"chart1361","Working capital provided to sub-units","1361","asset_receivable","True","Vốn kinh doanh ở các đơn vị trực thuộc","l10n_vn.operating_trade_receivable"
"chart13621","Internal receivables on foreign exchange difference - short term","13621","asset_receivable","True","Phải thu nội bộ về chênh lệch tỷ giá - ngắn hạn","l10n_vn.operating_trade_receivable"
"chart13622","Internal receivables on foreign exchange difference - long term","13622","asset_receivable","True","Phải thu nội bộ về chênh lệch tỷ giá - dài hạn","l10n_vn.operating_trade_receivable"
"chart13631","Internal receivables on borrowing costs eligible for capitalization - short term","13631","asset_receivable","True","Phải thu nội bộ về chi phí đi vay đủ điều kiện được vốn hoá - ngắn hạn","l10n_vn.operating_trade_receivable"
"chart13632","Internal receivables on borrowing costs eligible for capitalization - long term","13632","asset_receivable","True","Phải thu nội bộ về chi phí đi vay đủ điều kiện được vốn hoá - dài hạn","l10n_vn.operating_trade_receivable"
"chart13681","Other internal receivables - short term","13681","asset_receivable","True","Phải thu nội bộ khác - ngắn hạn","l10n_vn.operating_trade_receivable"
"chart13682","Other internal receivables - long term","13682","asset_receivable","True","Phải thu nội bộ khác - dài hạn","l10n_vn.operating_trade_receivable"
"chart13811","Shortage of assets awaiting resolution - short term","13811","asset_receivable","True","Tài sản thiếu chờ xử lý - ngắn hạn","l10n_vn.operating_trade_receivable"
"chart13812","Shortage of assets awaiting resolution - long term","13812","asset_receivable","True","Tài sản thiếu chờ xử lý - dài hạn","l10n_vn.operating_trade_receivable"
"chart13831","Special consumption tax of imported goods - short term","13831","asset_receivable","True","Thuế TTĐB của hàng nhập khẩu - ngắn hạn","l10n_vn.operating_trade_receivable"
"chart13832","Special consumption tax of imported goods - long term","13832","asset_receivable","True","Thuế TTĐB của hàng nhập khẩu - dài hạn","l10n_vn.operating_trade_receivable"
"chart13881","Other receivables - short term","13881","asset_receivable","True","Phải thu khác - ngắn hạn","l10n_vn.operating_trade_receivable"
"chart13882","Other receivables - long term","13882","asset_receivable","True","Phải thu khác - dài hạn","l10n_vn.operating_trade_receivable"
"chart1411","Advances - short term","1411","asset_receivable","True","Tạm ứng - ngắn hạn","l10n_vn.operating_trade_receivable"
"chart1412","Advances - long term","1412","asset_receivable","True","Tạm ứng - dài hạn","l10n_vn.operating_trade_receivable"
"chart151","Goods in transit","151","asset_current","False","Hàng mua đang đi đường","l10n_vn.operating_inventory"
"chart152","Raw materials","152","asset_current","False","Nguyên liệu, vật liệu","l10n_vn.operating_inventory"
"chart1531","Tools & supplies - Short term","1531","asset_current","False","Công cụ, dụng cụ - ngắn hạn","l10n_vn.operating_inventory"
"chart1532","Tools & supplies - Long term","1532","asset_current","False","Công cụ, dụng cụ - Dài hạn","l10n_vn.operating_inventory"
"chart1541","Work in Progress - Short term","1541","asset_current","False","Chi phí sản xuất, kinh doanh dở dang - ngắn hạn","l10n_vn.operating_inventory"
"chart1542","Work in Progress - Long term","1542","asset_current","False","Chi phí sản xuất, kinh doanh dở dang - Dài hạn","l10n_vn.operating_inventory"
"chart1551","Finished Goods","155","asset_current","False","Sản phẩm","l10n_vn.operating_inventory"
"chart1561","Goods","156","asset_current","False","Hàng hoá","l10n_vn.operating_inventory"
"chart157","Outward goods on consignment","157","asset_current","False","Hàng gửi đi bán","l10n_vn.operating_inventory"
"chart158","Goods in bonded warehouse","158","asset_current","False","Hàng hóa kho bảo thuế","l10n_vn.operating_inventory"
"chart171","Government bonds purchase-resale","171","asset_current","False","Giao dịch mua bán lại trái phiếu chính phủ","l10n_vn.investing_cash_out_debt_instruments,l10n_vn.investing_cash_in_debt_instruments"
"chart2111","Tangible fixed assets","211","asset_fixed","False","Tài sản cố định hữu hình","l10n_vn.investing_purchase_FA"
"chart2121","Financial leased tangible fixed assets","212","asset_fixed","False","Tài sản cố định thuê tài chính",""
"chart2131","Intangible fixed assets","213","asset_fixed","False","Tài sản cố định vô hình","l10n_vn.investing_purchase_FA"
"chart2141","Depreciation of tangible fixed assets","2141","asset_non_current","False","Hao mòn TSCĐ hữu hình","l10n_vn.operating_depreciation"
"chart2142","Depreciation of financial leased assets","2142","asset_non_current","False","Hao mòn TSCĐ thuê tài chính","l10n_vn.operating_depreciation"
"chart2143","Depreciation of intangible fixed assets","2143","asset_non_current","False","Hao mòn TSCĐ vô hình","l10n_vn.operating_depreciation"
"chart2147","Depreciation of investment properties","2147","asset_non_current","False","Hao mòn bất động sản đầu tư","l10n_vn.operating_depreciation"
"chart21511","Livestock for periodic production that have not yet reached maturity","21511","asset_non_current","False","Súc vật nuôi cho sản phẩm định kỳ chưa đạt đến giai đoạn trưởng thành",""
"chart215121","Original price","215121","asset_non_current","False","Nguyên giá",""
"chart215122","Accumulated Depreciation","215122","asset_non_current","False","Giá trị khấu hao luỹ kế",""
"chart21521","Livestock that produces one-time products - Short term","21521","asset_non_current","False","Súc vật nuôi lấy sản phẩm một lần - Ngắn hạn",""
"chart21522","Livestock that produces one-time products - Long term","21522","asset_non_current","False","Súc vật nuôi lấy sản phẩm một lần - Dài hạn",""
"chart21531","Seasonal or one-time crop - Short term","21531","asset_non_current","False","Cây trồng theo mùa vụ hoặc lấy sản phẩm một lần - Ngắn hạn",""
"chart21532","Seasonal or one-time crop - Long term","21532","asset_non_current","False","Cây trồng theo mùa vụ hoặc lấy sản phẩm một lần - Dài hạn",""
"chart217","Investment properties","217","asset_non_current","False","Bất động sản đầu tư","l10n_vn.investing_purchase_FA"
"chart221","Investment in subsidiaries","221","asset_non_current","False","Đầu tư vào công ty con","l10n_vn.investing_cash_out_captial_contribution,l10n_vn.investing_cash_in_captial_contribution"
"chart222","Investment in joint ventures and associates","222","asset_non_current","False","Đầu tư vào công ty liên doanh, liên kết","l10n_vn.investing_cash_out_captial_contribution,l10n_vn.investing_cash_in_captial_contribution"
"chart2281","Equity investments in other entities - short term","22811","asset_non_current","False","Đầu tư góp vốn vào đơn vị khác - ngắn hạn","l10n_vn.investing_cash_out_captial_contribution,l10n_vn.investing_cash_in_captial_contribution"
"chart22812","Equity investments in other entities - long term","22812","asset_non_current","False","Đầu tư góp vốn vào đơn vị khác - dài hạn","l10n_vn.investing_cash_out_captial_contribution,l10n_vn.investing_cash_in_captial_contribution"
"chart22881","Other investment - short term","22881","asset_non_current","False","Đầu tư khác - ngắn hạn","l10n_vn.investing_cash_out_captial_contribution,l10n_vn.investing_cash_in_captial_contribution"
"chart22882","Other investment - long term","22882","asset_non_current","False","Đầu tư khác - dài hạn","l10n_vn.investing_cash_out_captial_contribution,l10n_vn.investing_cash_in_captial_contribution"
"chart2291","Provision for decline in value of trading securities","2291","asset_non_current","False","Dự phòng giảm giá chứng khoán kinh doanh","l10n_vn.operating_provision"
"chart22921","Provision for investment loss in other entities - short term","22921","asset_non_current","False","Dự phòng tổn thất đầu tư vào đơn vị khác- ngắn hạn","l10n_vn.operating_provision"
"chart22922","Provision for investment loss in BBC contracts - short term","22922","asset_non_current","False","Dự phòng tổn thất đầu tư vào hợp đồng BBC- ngắn hạn","l10n_vn.operating_provision"
"chart22923","Provision for investment loss in other entities - long term","22923","asset_non_current","False","Dự phòng tổn thất đầu tư vào đơn vị khác- dài hạn","l10n_vn.operating_provision"
"chart22924","Provision for investment loss in other entities held to maturity - long term","22924","asset_non_current","False","Dự phòng tổn thất đầu tư vào đơn vị khác nắm giữ đến ngày đáo hạn - dài hạn","l10n_vn.operating_provision"
"chart22931","Provision for doubtful debts - short term","22931","asset_non_current","False","Dự phòng phải thu khó đòi - ngắn hạn","l10n_vn.operating_provision"
"chart22932","Provision for doubtful debts - long term","22932","asset_non_current","False","Dự phòng phải thu khó đòi - dài hạn","l10n_vn.operating_provision"
"chart22941","Provision for reserve inventories","22941","asset_non_current","False","Dự phòng giảm giá hàng tồn kho","l10n_vn.operating_provision"
"chart22942","Provision for reserve inventories - long term work in progress","22942","asset_non_current","False","Dự phòng giảm giá hàng tồn kho- chi phí sản xuất, kinh doanh dở dang dài hạn","l10n_vn.operating_provision"
"chart22943","Provision for reserve inventories (Equipment and Spare parts)","22943","asset_non_current","False","Dự phòng giảm giá hàng tồn kho- thiết bị, vật tư, phụ tùng thay thế dài hạn","l10n_vn.operating_provision"
"chart22951","Provision for biology asset loss - Short term","22951","asset_non_current","False","Dự phòng tổn thất tài sản sinh học - Ngắn hạn","l10n_vn.operating_provision"
"chart22952","Provision for biology asset loss - Long term","22952","asset_non_current","False","Dự phòng tổn thất tài sản sinh học - Dài hạn","l10n_vn.operating_provision"
"chart2411","Acquisition of fixed assets","2411","asset_non_current","False","Mua sắm TSCĐ","l10n_vn.investing_purchase_FA"
"chart2412","Construction in progress","2412","asset_non_current","False","Xây dựng cơ bản","l10n_vn.investing_purchase_FA"
"chart2413","Periodic repairs and maintenance of fixed assets","2413","asset_non_current","False","Sửa chữa, bảo dưỡng định kỳ TSCĐ","l10n_vn.investing_purchase_FA"
"chart2414","Upgrading, renovating fixed assets","2414","asset_non_current","False","Nâng cấp, cải tạo TSCĐ","l10n_vn.investing_purchase_FA"
"chart2421","Expenses waiting for allocation - short term","2421","asset_prepayments","False","Chi phí chờ phân bổ - ngắn hạn","l10n_vn.operating_deferred_expense"
"chart24211","Expenses waiting for allocation - short term - Loan Interest","24211","asset_prepayments","False","","l10n_vn.operating_paid_borrowing_expense"
"chart2422","Expenses waiting for allocation - long term","2422","asset_prepayments","False","Chi phí chờ phân bổ - dài hạn","l10n_vn.operating_deferred_expense"
"chart24221","Expenses waiting for allocation - short term - Loan interest","24221","asset_prepayments","False","","l10n_vn.operating_paid_borrowing_expense"
"chart243","Deferred tax assets","243","asset_non_current","False","Tài sản thuế thu nhập hoãn lại",""
"chart2441","Deposits - short term","2441","asset_non_current","False","Ký quỹ, ký cược - ngắn hạn","l10n_vn.operating_trade_receivable"
"chart2442","Deposits - long term","2442","asset_non_current","False","Ký quỹ, ký cược - dài hạn","l10n_vn.operating_trade_receivable"
"chart3311","Trade payables - short term","3311","liability_payable","True","Phải trả cho người bán - ngắn hạn","l10n_vn.operating_trade_payable"
"chart33111","Trade payables - short term","33111","liability_payable","True","Phải trả cho người bán - ngắn hạn","l10n_vn.operating_trade_payable"
"chart33112","Trade payables - short term - FA","33112","liability_payable","True","","l10n_vn.investing_purchase_FA"
"chart3312","Trade payables - long term","3312","liability_payable","True","Phải trả cho người bán - dài hạn","l10n_vn.operating_trade_payable"
"chart33121","Trade payables - long term","33121","liability_payable","True","Phải trả cho người bán - dài hạn","l10n_vn.operating_trade_payable"
"chart33122","Trade payables - long term - FA","33122","liability_payable","True","","l10n_vn.investing_purchase_FA"
"chart332","Dividend payable","332","liability_payable","True","Phải trả cổ tức, lợi nhuận","l10n_vn.finance_dividend"
"chart33311","Output VAT","33311","liability_current","False","Thuế GTGT đầu ra","l10n_vn.operating_trade_payable"
"chart33312","VAT on imported goods","33312","liability_payable","True","Thuế GTGT hàng nhập khẩu","l10n_vn.operating_trade_payable"
"chart33321","Special consumption tax- short term","33321","liability_current","False","Thuế tiêu thụ đặc biệt - ngắn hạn","l10n_vn.operating_trade_payable"
"chart33322","Special consumption tax - long term","33322","liability_current","False","Thuế tiêu thụ đặc biệt - dài hạn","l10n_vn.operating_trade_payable"
"chart33331","Import & export tax - short term","33331","liability_current","False","Thuế xuất, nhập khẩu - ngắn hạn","l10n_vn.operating_trade_payable"
"chart33332","Import & export tax - long term","33332","liability_current","False","Thuế xuất, nhập khẩu - dài hạn","l10n_vn.operating_trade_payable"
"chart33341","Corporate income tax - short term","33341","liability_current","False","Thuế thu nhập doanh nghiệp - ngắn hạn","l10n_vn.operating_paid_CIT"
"chart33342","Corporate income tax - long term","33342","liability_current","False","Thuế thu nhập doanh nghiệp - dài hạn","l10n_vn.operating_paid_CIT"
"chart33351","Personal income tax - short term","33351","liability_current","False","Thuế thu nhập cá nhân - ngắn hạn","l10n_vn.operating_trade_payable"
"chart33352","Personal income tax - long term","33352","liability_current","False","Thuế thu nhập cá nhân - dài hạn","l10n_vn.operating_trade_payable"
"chart33361","Natural resources using tax - short term","33361","liability_current","False","Thuế tài nguyên - ngắn hạn","l10n_vn.operating_trade_payable"
"chart33362","Natural resources using tax - long term","33362","liability_current","False","Thuế tài nguyên - dài hạn","l10n_vn.operating_trade_payable"
"chart33371","Land & housing tax, land rental charges - short term","33371","liability_current","False","Thuế nhà đất, tiền thuê đất - ngắn hạn","l10n_vn.operating_trade_payable"
"chart33372","Land & housing tax, land rental charges - long term","33372","liability_current","False","Thuế nhà đất, tiền thuê đất - dài hạn","l10n_vn.operating_trade_payable"
"chart33381","Environment protection tax","33381","liability_current","False","Thuế bảo vệ môi trường","l10n_vn.operating_trade_payable"
"chart33382","Other taxes","33382","liability_current","False","Các loại thuế khác","l10n_vn.operating_trade_payable"
"chart33391","Fees & charges & other payables - short term","33391","liability_payable","True","Phí, lệ phí và các khoản phải nộp khác - ngắn hạn","l10n_vn.operating_trade_payable"
"chart33392","Fees & charges & other payables - long term","33392","liability_payable","True","Phí, lệ phí và các khoản phải nộp khác - dài hạn","l10n_vn.operating_trade_payable"
"chart33411","Payables to staff - short term","3341","liability_payable","True","Phải trả công nhân viên - ngắn hạn","l10n_vn.operating_trade_payable"
"chart33412","Payables to staff - long term","3342","liability_payable","True","Phải trả công nhân viên - dài hạn","l10n_vn.operating_trade_payable"
"chart3351","Accrued expenses - short term","3351","liability_payable","True","Chi phí phải trả - ngắn hạn",""
"chart33511","Accrued Expenses - short term - Loan Interest","33511","liability_payable","True","","l10n_vn.operating_paid_borrowing_expense"
"chart3352","Accrued expenses - long term","3352","liability_payable","True","Chi phí phải trả - dài hạn",""
"chart33521","Accrued Expenses - long term - Loan Interest","33521","liability_payable","True","","l10n_vn.operating_paid_borrowing_expense"
"chart3361","Internal payables for working capital received","3361","liability_payable","True","Phải trả nội bộ về vốn kinh doanh","l10n_vn.operating_trade_payable"
"chart33621","Internal payables for foreign exchange differences - short term","33621","liability_payable","True","Phải trả nội bộ về chênh lệch tỉ giá - ngắn hạn","l10n_vn.operating_trade_payable"
"chart33622","Internal payables for foreign exchange differences - long term","33622","liability_payable","True","Phải trả nội bộ về chênh lệch tỉ giá - dài hạn","l10n_vn.operating_trade_payable"
"chart33631","Internal payables for borrowing costs eligible for capitalization - short term","33631","liability_payable","True","Phải trả nội bộ về chi phí đi vay đủ điều kiện được vốn hoá - ngắn hạn","l10n_vn.operating_trade_payable"
"chart33632","Internal payables for borrowing costs eligible for capitalization - long term","33632","liability_payable","True","Phải trả nội bộ về chi phí đi vay đủ điều kiện được vốn hoá - dài hạn","l10n_vn.operating_trade_payable"
"chart33681","Other internal payables - short term","33681","liability_payable","True","Phải trả nội bộ khác - ngắn hạn","l10n_vn.operating_trade_payable"
"chart33682","Other internal payables - long term","33682","liability_payable","True","Phải trả nội bộ khác -  dài hạn","l10n_vn.operating_trade_payable"
"chart337","Progress billings for construction contracts","337","liability_payable","True","Thanh toán theo tiến độ hợp đồng xây dựng","l10n_vn.operating_trade_payable"
"chart33811","Surplus of assets awaiting for resolution - short term","33811","liability_payable","True","Tài sản thừa chờ giải quyết - ngắn hạn","l10n_vn.operating_trade_receivable"
"chart33812","Surplus of assets awaiting for resolution - long term","33812","liability_payable","True","Tài sản thừa chờ giải quyết - dài hạn","l10n_vn.operating_trade_payable"
"chart33821","Trade union fees - short term","33821","liability_payable","True","Kinh phí công đoàn - ngắn hạn","l10n_vn.operating_trade_payable"
"chart33822","Trade union fees - long term","33822","liability_payable","True","Kinh phí công đoàn - dài hạn","l10n_vn.operating_trade_payable"
"chart33831","Social insurance - short term","33831","liability_payable","True","Bảo hiểm xã hội - ngắn hạn","l10n_vn.operating_trade_payable"
"chart33832","Social insurance - long term","33832","liability_payable","True","Bảo hiểm xã hội - dài hạn","l10n_vn.operating_trade_payable"
"chart33841","Health insurance - short term","33841","liability_payable","True","Bảo hiểm y tế - ngắn hạn","l10n_vn.operating_trade_payable"
"chart33842","Health insurance - long term","33842","liability_payable","True","Bảo hiểm y tế - dài hạn","l10n_vn.operating_trade_payable"
"chart33861","Unemployment insurance - short term","33861","liability_payable","True","Bảo hiểm thất nghiệp - ngắn hạn","l10n_vn.operating_trade_payable"
"chart33862","Unemployment insurance - long term","33862","liability_payable","True","Bảo hiểm thất nghiệp - dài hạn","l10n_vn.operating_trade_payable"
"chart33871","Unearned revenue - short term","33871","liability_current","True","Doanh thu chưa thực hiện - ngắn hạn","l10n_vn.operating_trade_payable"
"chart33872","Unearned revenue - long term","33872","liability_current","True","Doanh thu chưa thực hiện - dài hạn","l10n_vn.operating_trade_payable"
"chart33881","Other payables - short term","33881","liability_payable","True","Phải trả, phải nộp khác - ngắn hạn","l10n_vn.operating_trade_payable"
"chart33882","Other payables - long term","33882","liability_payable","True","Phải trả, phải nộp khác - dài hạn","l10n_vn.operating_trade_payable"
"chart34111","Borrowings - short term","34111","liability_payable","True","Các khoản đi vay - ngắn hạn","l10n_vn.finance_receipt_borrowing,l10n_vn.finance_borrowing_repay"
"chart34112","Borrowings - long term","34112","liability_payable","True","Các khoản đi vay - dài hạn","l10n_vn.finance_receipt_borrowing,l10n_vn.finance_borrowing_repay"
"chart34121","Financial leased liabilities - short term","34121","liability_current","False","Nợ thuê tài chính - ngắn hạn","l10n_vn.finance_fin_lease_repay"
"chart34122","Financial leased liabilities - long term","34122","liability_current","False","Nợ thuê tài chính - dài hạn","l10n_vn.finance_fin_lease_repay"
"chart34311","Ordinary bonds - Short term","34311","liability_current","False","Trái phiếu thường - ngắn hạn","l10n_vn.finance_receipt_borrowing,l10n_vn.finance_borrowing_repay"
"chart34312","Ordinary bonds - Long term","34312","liability_current","False","Trái phiếu thường - dài hạn","l10n_vn.finance_receipt_borrowing,l10n_vn.finance_borrowing_repay"
"chart3432","Convertible bonds","3432","liability_current","False","Trái phiếu chuyển đổi","l10n_vn.finance_receipt_borrowing,l10n_vn.finance_borrowing_repay"
"chart3441","Deposits received - short term","3441","liability_current","False","Nhận ký quỹ, ký cược - ngắn hạn","l10n_vn.operating_trade_payable"
"chart3442","Deposits received - long term","3442","liability_current","False","Nhận ký quỹ, ký cược - dài hạn","l10n_vn.operating_trade_payable"
"chart347","Deferred tax liabilities","347","liability_current","False","Thuế thu nhập hoãn lại phải trả",""
"chart35211","Product warranty provisions - short term","35211","liability_current","False","Dự phòng bảo hành sản phẩm hàng hoá - ngắn hạn","l10n_vn.operating_provision"
"chart35212","Product warranty provisions - long term","35212","liability_current","False","Dự phòng bảo hành sản phẩm hàng hoá - dài hạn","l10n_vn.operating_provision"
"chart35221","Construction warranty provisions - short term","35221","liability_current","False","Dự phòng bảo hành công trình xây dựng - ngắn hạn","l10n_vn.operating_provision"
"chart35222","Construction warranty provisions - long term","35222","liability_current","False","Dự phòng bảo hành công trình xây dựng - dài hạn","l10n_vn.operating_provision"
"chart35231","Enterprise restructuring provisions - short term","35231","liability_current","False","Dự phòng tái cơ cấu doanh nghiệp - ngắn hạn","l10n_vn.operating_provision"
"chart35232","Enterprise restructuring provisions - long term","35232","liability_current","False","Dự phòng tái cơ cấu doanh nghiệp - dài hạn","l10n_vn.operating_provision"
"chart35241","Other provisions - short term","35251","liability_current","False","Dự phòng phải trả khác - ngắn hạn","l10n_vn.operating_provision"
"chart35242","Other provisions - long term","35252","liability_current","False","Dự phòng phải trả khác - dài hạn","l10n_vn.operating_provision"
"chart3531","Bonus fund","3531","liability_current","False","Quỹ khen thưởng","l10n_vn.operating_trade_payable"
"chart3532","Welfare fund","3532","liability_current","False","Quỹ phúc lợi","l10n_vn.operating_trade_payable"
"chart3533","Welfare fund used for fixed asset acquisitions","3533","liability_current","False","Quỹ phúc lợi đã hình thành TSCĐ","l10n_vn.operating_trade_payable"
"chart3534","Management bonus fund","3534","liability_current","False","Quỹ thưởng ban quản lý điều hành công ty","l10n_vn.operating_trade_payable"
"chart3561","Science and technology development fund","3561","liability_current","False","Quỹ phát triển khoa học và công nghệ","l10n_vn.operating_other_adjustment"
"chart3562","Science and technology development fund used for fixed asset acquisition","3562","liability_current","False","Quỹ phát triển khoa học và công nghệ đã hình thành TSCĐ","l10n_vn.operating_other_adjustment"
"chart357","Price stabilization fund","357","liability_current","False","Quỹ bình ổn giá","l10n_vn.operating_other_adjustment"
"chart41111","Ordinary shares with voting rights","41111","equity","False","Cổ phiếu phổ thông có quyền biểu quyết","l10n_vn.finance_share_issuance,l10n_vn.finance_repay_capital_purchase_share"
"chart41112","Preferred shares - payable ","411121","equity","False","Cổ phiếu ưu đãi - Nợ phải trả","l10n_vn.finance_share_issuance,l10n_vn.finance_repay_capital_purchase_share"
"chart411122","Preferred shares - owner's equity ","411122","equity","False","Cổ phiếu ưu đãi - Vốn chủ sở hữu","l10n_vn.finance_share_issuance,l10n_vn.finance_repay_capital_purchase_share"
"chart4112","Capital surplus","4112","equity","False","Thặng dư vốn","l10n_vn.finance_share_issuance,l10n_vn.finance_repay_capital_purchase_share"
"chart4113","Conversion options on convertible bonds","4113","equity","False","Quyền chọn chuyển đổi trái phiếu","l10n_vn.finance_share_issuance,l10n_vn.finance_repay_capital_purchase_share"
"chart4118","Other capital","4118","equity","False","Vốn khác","l10n_vn.finance_share_issuance,l10n_vn.finance_repay_capital_purchase_share"
"chart412","Revaluation differences on asset","412","equity","False","Chênh lệch đánh giá lại tài sản",""
"chart4131","Exchange rate differences ","413","equity","False","Chênh lệch tỷ giá hối đoái",""
"chart414","Investment & development fund","414","equity","False","Quỹ đầu tư phát triển",""
"chart418","Other equity funds","418","equity","False","Các quỹ khác thuộc vốn chủ sở hữu",""
"chart419","Stocks bought from oneself","419","equity","False","Cổ phiếu mua lại của chính mình","l10n_vn.finance_share_issuance,l10n_vn.finance_repay_capital_purchase_share"
"chart4211","Undistributed profit after tax of previous year","4211","equity","False","Lợi nhuận sau thuế chưa phân phối năm trước",""
"chart4212","Undistributed profit after tax of current year","4212","equity","False","Lợi nhuận sau thuế chưa phân phối năm nay",""
"chart5111","Revenue from sales and services","511","income","False","Doanh thu bán hàng và cung cấp dịch vụ",""
"chart515","Financial income","515","income","False","Doanh thu hoạt động tài chính",""
"chart5151","Gain from revaluation of foreign currency items","5151","income","False","","l10n_vn.operating_forex_gain_loss"
"chart5152","Gain from exchange rate difference - financial investment","5152","income","False","","l10n_vn.currency_differences"
"chart5153","Gain from selling financial investment","5153","income","False","","l10n_vn.investing_cash_in_interest_dividend"
"chart5154","Interest from lending, time deposit and dividend received","5154","income","False","","l10n_vn.operating_fin_activities"
"chart5211","Sales discounts","521","income","False","Các khoản giảm trừ doanh thu",""
"chart621","Direct raw material costs","621","expense_direct_cost","False","Chi phí nguyên liệu, vật liệu trực tiếp",""
"chart622","Direct labour costs","622","expense_direct_cost","False","Chi phí nhân công trực tiếp",""
"chart6231","Labour costs","6231","expense_direct_cost","False","Chi phí nhân công",""
"chart6232","Material costs","6232","expense_direct_cost","False","Chi phí nguyên, vật liệu",""
"chart6233","Tools and instruments","6233","expense_direct_cost","False","Chi phí dụng cụ sản xuất",""
"chart6234","Equipment depreciation expense","6234","expense_direct_cost","False","Chi phí khấu hao máy thi công",""
"chart6237","Outside services","6237","expense_direct_cost","False","Chi phí dịch vụ mua ngoài",""
"chart6238","Other expenses","6238","expense_direct_cost","False","Chi phí bằng tiền khác",""
"chart6271","Factory staff costs","6271","expense_direct_cost","False","Chi phí nhân viên phân xưởng",""
"chart6272","Material costs","6272","expense_direct_cost","False","Chi phí nguyên, vật liệu",""
"chart6273","Tools and instruments","6273","expense_direct_cost","False","Chi phí dụng cụ sản xuất",""
"chart6274","Fixed asset depreciation","6274","expense_depreciation","False","Chi phí khấu hao TSCĐ",""
"chart6275","Taxes, fees and charges","6275","expense_direct_cost","False","Thuế, phí, lệ phí",""
"chart6277","Outside services","6277","expense_direct_cost","False","Chi phí dịch vụ mua ngoài",""
"chart6278","Other expenses","6278","expense_direct_cost","False","Chi phí bằng tiền khác",""
"chart632","Costs of goods sold","632","expense_direct_cost","False","Giá vốn hàng bán",""
"chart635","Financial expenses","635","expense","False","Chi phí tài chính",""
"chart6351","Financial expenses - interest expense","6351","expense","False","Chi phí tài chính","l10n_vn.operating_paid_borrowing_expense"
"chart6352","Loss from revaluation of foreign currency items","6352","expense","False","","l10n_vn.currency_differences"
"chart6353","Loss from exchange rate difference - financial investment","6353","expense","False","","l10n_vn.operating_fin_activities"
"chart6354","Loss from selling financial investment","6354","expense","False","",""
"chart6411","Employees costs","6411","expense","False","Chi phí nhân viên",""
"chart6412","Materials and packing materials","6412","expense","False","Chi phí nguyên vật liệu, bao bì",""
"chart6413","Tools and instruments","6413","expense","False","Chi phí dụng cụ, đồ dùng",""
"chart6414","Fixed asset depreciation","6414","expense_depreciation","False","Chi phí khấu hao TSCĐ",""
"chart6415","Taxes, fees and charges","6415","expense","False","Thuế, phí, lệ phí",""
"chart6417","Outside services","6417","expense","False","Chi phí dịch vụ mua ngoài",""
"chart6418","Other expenses","6418","expense","False","Chi phí bằng tiền khác",""
"chart6421","Employees management costs","6421","expense","False","Chi phí nhân viên",""
"chart6422","Office supply expenses","6422","expense","False","Chi phí vật liệu quản lý",""
"chart6423","Stationery costs","6423","expense","False","Chi phí đồ dùng văn phòng",""
"chart6424","Fixed asset depreciation","6424","expense_depreciation","False","Chi phí khấu hao TSCĐ",""
"chart6425","Taxes, fees and charges","6425","expense","False","Thuế, phí và lệ phí",""
"chart6426","Provision expenses","6426","expense","False","Chi phí dự phòng",""
"chart6427","Outside services","6427","expense","False","Chi phí dịch vụ mua ngoài",""
"chart6428","Other expenses","6428","expense","False","Chi phí bằng tiền khác",""
"chart711","Other Income","711","income_other","False","Thu nhập khác",""
"chart7111","Other Income","7111","income_other","False","Thu nhập khác","l10n_vn.operating_fin_activities,l10n_vn.investing_disposal_FA"
"chart7112","Other income - Revaluation of non-monetary assets contributed as capital or invested in other entities","7112","income_other","False","","l10n_vn.operating_fin_activities"
"chart811","Other Expenses","811","expense","False","Chi phí khác",""
"chart8111","Other expenses","8111","expense","False","Chi phí khác","l10n_vn.operating_fin_activities,l10n_vn.investing_disposal_FA"
"chart8112","Other expenses - Revaluation of non-monetary assets contributed as capital or invested in other entities","8112","expense","False","","l10n_vn.operating_fin_activities"
"chart8211","Current corporate income tax expenses according to the provisions of the Law on Corporate Income Tax","82111","expense","False","Chi phí thuế thu nhập doanh nghiệp hiện hành theo quy định của Luật thuế thu nhập doanh nghiệp","l10n_vn.operating_paid_CIT"
"chart82112","Additional corporate income tax expense under the global minimum tax rules","82112","expense","False","Chi phí thuế thu nhập doanh nghiệp bổ sung theo quy định về thuế tối thiểu toàn cầu","l10n_vn.operating_paid_CIT"
"chart8212","Deferred tax expense","8212","expense","False","Chi phí thuế thu nhập doanh nghiệp hoãn lại","l10n_vn.operating_paid_CIT"
"chart911","Income Summary","911","equity_unaffected","False","Xác định kết quả kinh doanh",""
