"id","name","type_tax_use","amount","invoice_label","original_tax_ids","fiscal_position_ids","description","tax_group_id","repartition_line_ids/account_id","amount_type","repartition_line_ids/repartition_type","repartition_line_ids/document_type","repartition_line_ids/tag_ids","repartition_line_ids/factor_percent","active","repartition_line_ids/use_in_tax_closing","is_withholding_tax_on_payment","tax_exigibility","cash_basis_transition_account_id"
"ge_vat_sale_18","VAT 18%","sale","18","0.18","","ge_fiscal_position_vat","Domestic goods/services to all partners","ge_tax_group_vat_18","","percent","base","invoice","1(B)","100","True","True","","on_invoice",""
"","","","","","","","","","ge_account_333002","","tax","invoice","1(T)","100","","","","",""
"","","","","","","","","","","","base","refund","1(B)","100","","True","","",""
"","","","","","","","","","ge_account_333002","","tax","refund","1(T)","100","","","","",""
"ge_vat_sale_0_ex","VAT 0% Export","sale","0","0% Export","ge_vat_sale_18","ge_fiscal_position_foreign","Goods exported outside Georgia","ge_tax_group_vat_0","","percent","base","invoice","4(B)","100","True","","","on_invoice",""
"","","","","","","","","","","","tax","invoice","","100","","","","",""
"","","","","","","","","","","","base","refund","4(B)","100","","","","",""
"","","","","","","","","","","","tax","refund","","100","","","","",""
"ge_vat_sale_exempt_ded","VAT 0% Exempt (Deductible)","sale","0","Exempt","","","Exempt supplies where input VAT is deductible","ge_tax_group_vat_exempt","","percent","base","invoice","2(B)","100","True","True","","on_invoice",""
"","","","","","","","","","","","tax","invoice","","100","","","","",""
"","","","","","","","","","","","base","refund","2(B)","100","","True","","",""
"","","","","","","","","","","","tax","refund","","100","","","","",""
"ge_vat_sale_exempt_nded","VAT 0% Exempt (Non-Deductible)","sale","0","Exempt - not acceptable for deductions","","","Financial services and gambling","ge_tax_group_vat_exempt","","percent","base","invoice","3(B)","100","True","True","","on_invoice",""
"","","","","","","","","","","","tax","invoice","","100","","","","",""
"","","","","","","","","","","","base","refund","3(B)","100","","True","","",""
"","","","","","","","","","","","tax","refund","","100","","","","",""
"ge_vat_purchase_18","VAT 18%","purchase","18","0.18","","ge_fiscal_position_vat","Standard local purchases","ge_tax_group_vat_18","","percent","base","invoice","9(B)","100","True","True","","on_invoice",""
"","","","","","","","","","ge_account_334010","","tax","invoice","9(T)","100","","","","",""
"","","","","","","","","","","","base","refund","9(B)","100","","True","","",""
"","","","","","","","","","ge_account_334010","","tax","refund","9(T)","100","","","","",""
"ge_vat_purchase_0","VAT 0%","purchase","0","0","ge_vat_purchase_18","ge_fiscal_position_nonvat","Purchases from non-registered for VAT supplier","ge_tax_group_vat_0","","percent","base","invoice","10(B)","100","True","","","on_invoice",""
"","","","","","","","","","","","tax","invoice","10(T)","100","","","","",""
"","","","","","","","","","","","base","refund","10(B)","100","","","","",""
"","","","","","","","","","","","tax","refund","10(T)","100","","","","",""
"ge_import_duty_12","Import Duty 12%","purchase","12","12% Import","","","Goods imported in Georgia","ge_tax_group_vat_12","","division","base","invoice","","100","True","","","on_invoice",""
"","","","","","","","","","ge_account_333040","","tax","invoice","11(T)","100","","True","","",""
"","","","","","","","","","","","base","refund","","100","","","","",""
"","","","","","","","","","ge_account_333040","","tax","refund","11(T)","100","","True","","",""
"ge_import_duty_12_base","Import Duty 12% - Base","purchase","0","12% Import - Base","","ge_fiscal_position_foreign","Goods imported in Georgia","ge_tax_group_vat_12","","percent","base","invoice","11(B)","100","True","","","on_invoice",""
"","","","","","","","","","","","tax","invoice","","100","","","","",""
"","","","","","","","","","","","base","refund","11(B)","100","","","","",""
"","","","","","","","","","","","tax","refund","","100","","","","",""
"ge_import_duty_5","Import Duty 5%","purchase","5","5% Import","","","Goods imported in Georgia","ge_tax_group_vat_5","","division","base","invoice","","100","True","","","on_invoice",""
"","","","","","","","","","ge_account_333040","","tax","invoice","11(T)","100","","True","","",""
"","","","","","","","","","","","base","refund","","100","","","","",""
"","","","","","","","","","ge_account_333040","","tax","refund","11(T)","100","","True","","",""
"ge_import_duty_5_base","Import Duty 5% - Base","purchase","0","5% Import - Base","","ge_fiscal_position_foreign","Goods imported in Georgia","ge_tax_group_vat_5","","percent","base","invoice","11(B)","100","True","","","on_invoice",""
"","","","","","","","","","","","tax","invoice","","100","","","","",""
"","","","","","","","","","","","base","refund","11(B)","100","","","","",""
"","","","","","","","","","","","tax","refund","","100","","","","",""
"ge_import_duty_0_base","Import Duty 0% - Base","purchase","0","0% Import - Base","","ge_fiscal_position_foreign","Goods imported in Georgia","ge_tax_group_vat_0","","percent","base","invoice","11(B)","100","True","","","on_invoice",""
"","","","","","","","","","","","tax","invoice","","100","","","","",""
"","","","","","","","","","","","base","refund","11(B)","100","","","","",""
"","","","","","","","","","","","tax","refund","","100","","","","",""
"ge_rcvat_18_ser","RCVAT 18% Services","purchase","18","18% Reverse Charge Service","ge_vat_purchase_18","ge_fiscal_position_foreign","Services subject to reverse charge provisions","ge_tax_group_vat_18","","percent","base","invoice","6(B)||12(B)","100","True","","","on_invoice",""
"","","","","","","","","","ge_account_334040","","tax","invoice","12(T)","100","","True","","",""
"","","","","","","","","","ge_account_333060","","tax","invoice","6(T)","-100","","True","","",""
"","","","","","","","","","","","base","refund","6(B)||12(B)","100","","True","","",""
"","","","","","","","","","ge_account_334040","","tax","refund","12(T)","100","","True","","",""
"","","","","","","","","","ge_account_333060","","tax","refund","6(T)","-100","","True","","",""
"ge_rcvat_18_goods","RCVAT 18% Goods","purchase","18","18% Reverse Charge Goods","ge_vat_purchase_18","ge_fiscal_position_foreign","Goods subject to reverse charge provisions","ge_tax_group_vat_18","","percent","base","invoice","7(B)||12(B)","100","True","","","on_invoice",""
"","","","","","","","","","ge_account_334040","","tax","invoice","12(T)","100","","True","","",""
"","","","","","","","","","ge_account_333060","","tax","invoice","7(T)","-100","","True","","",""
"","","","","","","","","","","","base","refund","7(B)||12(B)","100","","True","","",""
"","","","","","","","","","ge_account_334040","","tax","refund","12(T)","100","","True","","",""
"","","","","","","","","","ge_account_333060","","tax","refund","7(T)","-100","","True","","",""
"ge_wht_5_div_d","5% WHT Dividends (Deducted)","purchase","-5","5% Withholding","","ge_fiscal_position_foreign","Deducted Withholding on Payment - Dividends","ge_tax_group_wht_5","","percent","base","invoice","3(B)_W_D","100","True","","True","on_invoice",""
"","","","","","","","","","ge_account_331210","","tax","invoice","3(T)_W_D","100","","","","",""
"","","","","","","","","","","","base","refund","3(B)_W_D","100","","","","",""
"","","","","","","","","","ge_account_331210","","tax","refund","3(T)_W_D","100","","","","",""
"ge_wht_5_int_d","5% WHT Interest (Deducted)","purchase","-5","5% Withholding","","ge_fiscal_position_foreign","Deducted Withholding on Payment - Interest","ge_tax_group_wht_5","","percent","base","invoice","4(B)_W_D","100","True","","True","on_invoice",""
"","","","","","","","","","ge_account_331210","","tax","invoice","4(T)_W_D","100","","","","",""
"","","","","","","","","","","","base","refund","4(B)_W_D","100","","","","",""
"","","","","","","","","","ge_account_331210","","tax","refund","4(T)_W_D","100","","","","",""
"ge_wht_5_roy_d","5% WHT Royalties (Deducted)","purchase","-5","5% Withholding","","ge_fiscal_position_foreign","Deducted Withholding on Payment - Royalties","ge_tax_group_wht_5","","percent","base","invoice","5(B)_W_D","100","True","","True","on_invoice",""
"","","","","","","","","","ge_account_331210","","tax","invoice","5(T)_W_D","100","","","","",""
"","","","","","","","","","","","base","refund","5(B)_W_D","100","","","","",""
"","","","","","","","","","ge_account_331210","","tax","refund","5(T)_W_D","100","","","","",""
"ge_wht_5_div_g","5% WHT Dividends (Gross)","purchase","5","5% Withholding","","ge_fiscal_position_foreign","Gross Withholding on Payment - Dividends","ge_tax_group_wht_5","","division","base","invoice","3(B)_W_G","100","False","","","on_payment","ge_account_331212"
"","","","","","","","","","ge_account_331211","","tax","invoice","","100","","","","",""
"","","","","","","","","","ge_account_331210","","tax","invoice","3(T)_W_G","-100","","False","","",""
"","","","","","","","","","","","base","refund","3(B)_W_G","100","","","","",""
"","","","","","","","","","ge_account_331211","","tax","refund","","100","","","","",""
"","","","","","","","","","ge_account_331210","","tax","refund","3(T)_W_G","-100","","False","","",""
"ge_wht_5_int_g","5% WHT Interest (Gross)","purchase","5","5% Withholding","","ge_fiscal_position_foreign","Gross Withholding on Payment - Interest","ge_tax_group_wht_5","","division","base","invoice","4(B)_W_G","100","False","","","on_payment","ge_account_331212"
"","","","","","","","","","ge_account_331211","","tax","invoice","","100","","","","",""
"","","","","","","","","","ge_account_331210","","tax","invoice","4(T)_W_G","-100","","False","","",""
"","","","","","","","","","","","base","refund","4(B)_W_G","100","","","","",""
"","","","","","","","","","ge_account_331211","","tax","refund","","100","","","","",""
"","","","","","","","","","ge_account_331210","","tax","refund","4(T)_W_G","-100","","False","","",""
"ge_wht_5_roy_g","5% WHT Royalties (Gross)","purchase","5","5% Withholding","","ge_fiscal_position_foreign","Gross Withholding on Payment - Royalties","ge_tax_group_wht_5","","division","base","invoice","5(B)_W_G","100","False","","","on_payment","ge_account_331212"
"","","","","","","","","","ge_account_331211","","tax","invoice","","100","","","","",""
"","","","","","","","","","ge_account_331210","","tax","invoice","5(T)_W_G","-100","","False","","",""
"","","","","","","","","","","","base","refund","5(B)_W_G","100","","","","",""
"","","","","","","","","","ge_account_331211","","tax","refund","","100","","","","",""
"","","","","","","","","","ge_account_331210","","tax","refund","5(T)_W_G","-100","","False","","",""
"ge_wht_4_oil_d","4% WHT Oil & Gas (Deducted)","purchase","-4","4% Withholding","","ge_fiscal_position_foreign","Deducted Withholding on Payment - Oil and gas subcontractor income","ge_tax_group_wht_4","","percent","base","invoice","2(B)_W_D","100","True","","True","on_invoice",""
"","","","","","","","","","ge_account_331210","","tax","invoice","2(T)_W_D","100","","","","",""
"","","","","","","","","","","","base","refund","2(B)_W_D","100","","","","",""
"","","","","","","","","","ge_account_331210","","tax","refund","2(T)_W_D","100","","","","",""
"ge_wht_10_tra_d","10% WHT International Transport (Deducted)","purchase","-10","10% Withholding","","ge_fiscal_position_foreign","Deducted Withholding on Payment - International transportation/communication","ge_tax_group_wht_10","","percent","base","invoice","6(B)_W_D","100","True","","True","on_invoice",""
"","","","","","","","","","ge_account_331210","","tax","invoice","6(T)_W_D","100","","","","",""
"","","","","","","","","","","","base","refund","6(B)_W_D","100","","","","",""
"","","","","","","","","","ge_account_331210","","tax","refund","6(T)_W_D","100","","","","",""
"ge_wht_10_ser_d","10% WHT Services in Georgia (Deducted)","purchase","-10","10% Withholding","","ge_fiscal_position_foreign","Deducted Withholding on Payment - Income from services rendered in Georgia","ge_tax_group_wht_10","","percent","base","invoice","7(B)_W_D","100","True","","True","on_invoice",""
"","","","","","","","","","ge_account_331210","","tax","invoice","7(T)_W_D","100","","","","",""
"","","","","","","","","","","","base","refund","7(B)_W_D","100","","","","",""
"","","","","","","","","","ge_account_331210","","tax","refund","7(T)_W_D","100","","","","",""
"ge_wht_10_oi_d","10% WHT Other Georgian Income (Deducted)","purchase","-10","10% Withholding","","ge_fiscal_position_foreign","Deducted Withholding on Payment - Other Georgian-source income","ge_tax_group_wht_10","","percent","base","invoice","8(B)_W_D","100","True","","True","on_invoice",""
"","","","","","","","","","ge_account_331210","","tax","invoice","8(T)_W_D","100","","","","",""
"","","","","","","","","","","","base","refund","8(B)_W_D","100","","","","",""
"","","","","","","","","","ge_account_331210","","tax","refund","8(T)_W_D","100","","","","",""
"ge_wht_0_ins_d","0% WHT Insurance","purchase","0","0% Withholding","","ge_fiscal_position_foreign","Deducted Withholding on Payment - Insurance and re-insurance","ge_tax_group_wht_0","","percent","base","invoice","1(B)_W","100","True","","True","on_invoice",""
"","","","","","","","","","","","tax","invoice","","100","","","","",""
"","","","","","","","","","","","base","refund","1(B)_W","100","","","","",""
"","","","","","","","","","","","tax","refund","","100","","","","",""
"ge_wht_4_oil_g","4% WHT Oil & Gas (Gross)","purchase","4","4% Withholding","","ge_fiscal_position_foreign","Gross Withholding on Payment - Oil and gas subcontractor income","ge_tax_group_wht_4","","division","base","invoice","2(B)_W_G","100","False","","","on_payment","ge_account_331212"
"","","","","","","","","","ge_account_331211","","tax","invoice","","100","","","","",""
"","","","","","","","","","ge_account_331210","","tax","invoice","2(T)_W_G","-100","","False","","",""
"","","","","","","","","","","","base","refund","2(B)_W_G","100","","","","",""
"","","","","","","","","","ge_account_331211","","tax","refund","","100","","","","",""
"","","","","","","","","","ge_account_331210","","tax","refund","2(T)_W_G","-100","","False","","",""
"ge_wht_10_tra_g","10% WHT International Transport (Gross)","purchase","10","10% Withholding","","ge_fiscal_position_foreign","Gross Withholding on Payment - International transportation/communication","ge_tax_group_wht_10","","division","base","invoice","6(B)_W_G","100","False","","","on_payment","ge_account_331212"
"","","","","","","","","","ge_account_331211","","tax","invoice","","100","","","","",""
"","","","","","","","","","ge_account_331210","","tax","invoice","6(T)_W_G","-100","","False","","",""
"","","","","","","","","","","","base","refund","6(B)_W_G","100","","","","",""
"","","","","","","","","","ge_account_331211","","tax","refund","","100","","","","",""
"","","","","","","","","","ge_account_331210","","tax","refund","6(T)_W_G","-100","","False","","",""
"ge_wht_10_ser_g","10% WHT Services in Georgia (Gross)","purchase","10","10% Withholding","","ge_fiscal_position_foreign","Gross Withholding on Payment - Income from services rendered in Georgia","ge_tax_group_wht_10","","division","base","invoice","7(B)_W_G","100","False","","","on_payment","ge_account_331212"
"","","","","","","","","","ge_account_331211","","tax","invoice","","100","","","","",""
"","","","","","","","","","ge_account_331210","","tax","invoice","7(T)_W_G","-100","","False","","",""
"","","","","","","","","","","","base","refund","7(B)_W_G","100","","","","",""
"","","","","","","","","","ge_account_331211","","tax","refund","","100","","","","",""
"","","","","","","","","","ge_account_331210","","tax","refund","7(T)_W_G","-100","","False","","",""
"ge_wht_10_oi_g","10% WHT Other Georgian Income (Gross)","purchase","10","10% Withholding","","ge_fiscal_position_foreign","Gross Withholding on Payment - Other Georgian-source income","ge_tax_group_wht_10","","division","base","invoice","8(B)_W_G","100","False","","","on_payment","ge_account_331212"
"","","","","","","","","","ge_account_331211","","tax","invoice","","100","","","","",""
"","","","","","","","","","ge_account_331210","","tax","invoice","8(T)_W_G","-100","","False","","",""
"","","","","","","","","","","","base","refund","8(B)_W_G","100","","","","",""
"","","","","","","","","","ge_account_331211","","tax","refund","","100","","","","",""
"","","","","","","","","","ge_account_331210","","tax","refund","8(T)_W_G","-100","","False","","",""
