"id","code","name","account_type","reconcile","tag_ids","non_trade"
"l10n_th_account_111100","111100","Cash on Hand","asset_cash","True","",""
"l10n_th_account_111200","111200","Bank Deposits","asset_cash","True","",""
"l10n_th_account_111201","111201","Bank Suspense Account","asset_current","True","",""
"l10n_th_account_111202","111202","Liquidity Transfer","asset_current","True","",""
"l10n_th_account_111300","111300","Cash Equivalents","asset_cash","True","",""
"l10n_th_account_112100","112100","Trade Receivables","asset_receivable","True","",""
"l10n_th_account_112101","112101","Trade Receivables (POS)","asset_receivable","True","",""
"l10n_th_account_112190","112190","Allowance for Doubtful Accounts","asset_current","False","",""
"l10n_th_account_112200","112200","Other Receivables","asset_current","True","",""
"l10n_th_account_113100","113100","Goods for resale","asset_current","False","",""
"l10n_th_account_113200","113200","Raw materials","asset_current","False","",""
"l10n_th_account_113300","113300","Consumables","asset_current","False","",""
"l10n_th_account_113400","113400","Work in Process","asset_current","False","",""
"l10n_th_account_113900","113900","Allowance for Inventory Decline","asset_current","False","",""
"l10n_th_account_114100","114100","Undue Input VAT","asset_current","True","",""
"l10n_th_account_114200","114200","Input VAT","asset_current","True","",""
"l10n_th_account_114300","114300","WHT Creditable","asset_current","True","",""
"l10n_th_account_114400","114400","VAT Receivable","asset_receivable","True","","True"
"l10n_th_account_114401","114401","WHT Receivable","asset_receivable","True","","True"
"l10n_th_account_114500","114500","Prepaid CIT (PND 51)","asset_current","True","",""
"l10n_th_account_115100","115100","Temporary Investments","asset_current","False","",""
"l10n_th_account_115200","115200","Biological Assets (Current)","asset_current","False","",""
"l10n_th_account_121100","121100","Investments in Associates","asset_non_current","False","",""
"l10n_th_account_122100","122100","Investment Property","asset_non_current","False","",""
"l10n_th_account_123100","123100","Land","asset_fixed","False","",""
"l10n_th_account_123150","123150","Land Improvements","asset_fixed","False","",""
"l10n_th_account_123151","123151","Accum. Depr. - Land Improvements","asset_fixed","False","",""
"l10n_th_account_123200","123200","Buildings (Structure)","asset_fixed","False","",""
"l10n_th_account_123201","123201","Accum. Depr. - Buildings","asset_fixed","False","",""
"l10n_th_account_123210","123210","Building Installations","asset_fixed","False","",""
"l10n_th_account_123211","123211","Accum. Depr. - Installations","asset_fixed","False","",""
"l10n_th_account_123220","123220","Construction in Progress","asset_fixed","False","",""
"l10n_th_account_123230","123230","Machinery & Tools","asset_fixed","False","",""
"l10n_th_account_123231","123231","Accum. Depr. - Machinery","asset_fixed","False","",""
"l10n_th_account_123240","123240","Major Spare Parts (Stand-by)","asset_fixed","False","",""
"l10n_th_account_123241","123241","Accum. Depr. - Major Spares","asset_fixed","False","",""
"l10n_th_account_123250","123250","Vehicles","asset_fixed","False","",""
"l10n_th_account_123251","123251","Accum. Depr. - Vehicles","asset_fixed","False","",""
"l10n_th_account_123260","123260","Vehicle Accessories","asset_fixed","False","",""
"l10n_th_account_123261","123261","Accum. Depr. - Vehicle Acc.","asset_fixed","False","",""
"l10n_th_account_123270","123270","Furniture & Fixtures","asset_fixed","False","",""
"l10n_th_account_123271","123271","Accum. Depr. - Furniture","asset_fixed","False","",""
"l10n_th_account_123280","123280","Technology & Computers","asset_fixed","False","",""
"l10n_th_account_123281","123281","Accum. Depr. - Technology","asset_fixed","False","",""
"l10n_th_account_123290","123290","Other Fixed Assets","asset_fixed","False","",""
"l10n_th_account_123291","123291","Accum. Depr. - Other Assets","asset_fixed","False","",""
"l10n_th_account_124100","124100","Computer Software","asset_non_current","False","",""
"l10n_th_account_124101","124101","Accum. Amortization - Software","asset_non_current","False","",""
"l10n_th_account_124200","124200","Goodwill","asset_non_current","False","",""
"l10n_th_account_211100","211100","Bank Overdrafts","liability_current","True","",""
"l10n_th_account_211200","211200","Short-term Loans","liability_current","True","",""
"l10n_th_account_212100","212100","Trade Payables","liability_payable","True","",""
"l10n_th_account_212200","212200","Other Payables","liability_current","True","",""
"l10n_th_account_212300","212300","Accrued Expenses","liability_current","True","",""
"l10n_th_account_212400","212400","Advances from Customers","liability_current","True","",""
"l10n_th_account_213100","213100","Undue Output VAT","liability_current","True","",""
"l10n_th_account_213200","213200","Output VAT","liability_current","True","",""
"l10n_th_account_213300","213300","Tax Withheld - PND 1","liability_current","True","",""
"l10n_th_account_213301","213301","Tax Withheld - PND 3","liability_current","True","",""
"l10n_th_account_213302","213302","Tax Withheld - PND 53","liability_current","True","",""
"l10n_th_account_213303","213303","Tax Withheld - PND 54","liability_current","True","",""
"l10n_th_account_213400","213400","VAT Payable","liability_payable","True","",""
"l10n_th_account_213500","213500","WHT Payable","liability_payable","True","","True"
"l10n_th_account_213600","213600","Corporate Income Tax Payable","liability_current","True","",""
"l10n_th_account_216100","216100","Provisions for Employee Benefits","liability_current","True","",""
"l10n_th_account_221100","221100","Long-Term Loans","liability_non_current","False","",""
"l10n_th_account_222100","222100","Employee Benefit Obligations","liability_non_current","False","",""
"l10n_th_account_223100","223100","Deferred Income (Gov Grants)","liability_non_current","False","",""
"l10n_th_account_311100","311100","Share Capital","equity","False","",""
"l10n_th_account_321100","321100","Legal Reserve","equity","False","",""
"l10n_th_account_321200","321200","Retained Earnings","equity","False","",""
"l10n_th_account_411100","411100","Sales Revenue","income","False","",""
"l10n_th_account_411200","411200","Service Revenue","income","False","",""
"l10n_th_account_411300","411300","Sales Returns and Allowances","income","False","",""
"l10n_th_account_411400","411400","Sales Discounts","income","False","",""
"l10n_th_account_421100","421100","Interest Income","income_other","False","",""
"l10n_th_account_421200","421200","Dividend Income","income_other","False","",""
"l10n_th_account_421300","421300","Gain on Exchange Rate","income_other","False","",""
"l10n_th_account_421400","421400","Government Grant Income","income_other","False","",""
"l10n_th_account_421500","421500","Purchase Discounts","income_other","False","",""
"l10n_th_account_421700","421700","Cash Difference Income","income_other","False","",""
"l10n_th_account_511100","511100","Cost of Goods Sold","expense_direct_cost","False","",""
"l10n_th_account_511200","511200","Cost of Services","expense_direct_cost","False","",""
"l10n_th_account_511300","511300","Inventory Write-down","expense_direct_cost","False","",""
"l10n_th_account_511400","511400","Import fees","expense_direct_cost","False","",""
"l10n_th_account_511500","511500","Raw materials Used","expense_direct_cost","False","",""
"l10n_th_account_511600","511600","General subcontracting","expense_direct_cost","False","",""
"l10n_th_account_511700","511700","Freight & Transportation","expense_direct_cost","False","",""
"l10n_th_account_611100","611100","Employees compensation","expense","False","",""
"l10n_th_account_611200","611200","Commissions & Brokerage Fees","expense","False","",""
"l10n_th_account_611300","611300","Social Security","expense","False","",""
"l10n_th_account_611400","611400","Other personnel costs","expense","False","",""
"l10n_th_account_611500","611500","Training and documentation","expense","False","",""
"l10n_th_account_611600","611600","Royalties & License Fees","expense","False","",""
"l10n_th_account_612100","612100","Land Improvements (Depr)","expense_depreciation","False","",""
"l10n_th_account_612200","612200","Buildings (Depr)","expense_depreciation","False","",""
"l10n_th_account_612300","612300","Building Installations (Depr)","expense_depreciation","False","",""
"l10n_th_account_612400","612400","Machinery & Tools (Depr)","expense_depreciation","False","",""
"l10n_th_account_612500","612500","Major Spare Parts (Depr)","expense_depreciation","False","",""
"l10n_th_account_612600","612600","Vehicles (Depr)","expense_depreciation","False","",""
"l10n_th_account_612650","612650","Vehicle Accessories (Depr)","expense_depreciation","False","",""
"l10n_th_account_612700","612700","Furniture & Fixtures (Depr)","expense_depreciation","False","",""
"l10n_th_account_612800","612800","Technology & Computers (Depr)","expense_depreciation","False","",""
"l10n_th_account_612900","612900","Other Fixed Assets (Depr)","expense_depreciation","False","",""
"l10n_th_account_612950","612950","Computer Software (Amt)","expense_depreciation","False","",""
"l10n_th_account_612960","612960","Goodwill (Amt)","expense_depreciation","False","",""
"l10n_th_account_613100","613100","Office Rent","expense","False","",""
"l10n_th_account_613200","613200","Vehicle rent","expense","False","",""
"l10n_th_account_613300","613300","Freight & Postage Expenses","expense","False","",""
"l10n_th_account_614100","614100","Office Maintenance services","expense","False","",""
"l10n_th_account_614200","614200","Vehicle maintenance","expense","False","",""
"l10n_th_account_614300","614300","Studies & works","expense","False","",""
"l10n_th_account_615100","615100","Accounting Fees","expense","False","",""
"l10n_th_account_615200","615200","Legal expenses","expense","False","",""
"l10n_th_account_615300","615300","Administration fees","expense","False","",""
"l10n_th_account_615400","615400","Membership fees","expense","False","",""
"l10n_th_account_615500","615500","Software Subscription","expense","False","",""
"l10n_th_account_615801","615801","Fire Insurance","expense","False","",""
"l10n_th_account_615802","615802","Professional Insurance","expense","False","",""
"l10n_th_account_615803","615803","Legal protection Insurance","expense","False","",""
"l10n_th_account_615804","615804","Professional Liability Insurance","expense","False","",""
"l10n_th_account_617100","617100","Advertising","expense","False","",""
"l10n_th_account_617200","617200","Business gift","expense","False","",""
"l10n_th_account_618100","618100","Consumables","expense","False","",""
"l10n_th_account_618200","618200","Office supplies","expense","False","",""
"l10n_th_account_618300","618300","Office services","expense","False","",""
"l10n_th_account_618400","618400","Water, electricity, gas","expense","False","",""
"l10n_th_account_618500","618500","Phone & Internet","expense","False","",""
"l10n_th_account_618600","618600","Fuel","expense","False","",""
"l10n_th_account_618700","618700","Property tax","expense","False","",""
"l10n_th_account_619101","619101","Flights","expense","False","",""
"l10n_th_account_619102","619102","Hotels","expense","False","",""
"l10n_th_account_619103","619103","Public Transportation","expense","False","",""
"l10n_th_account_619104","619104","Other travel costs","expense","False","",""
"l10n_th_account_619200","619200","Bar & Restaurant","expense","False","",""
"l10n_th_account_619300","619300","Food: Reception & delivery","expense","False","",""
"l10n_th_account_619900","619900","Donations","expense","False","",""
"l10n_th_account_621100","621100","Interest Expense","expense","False","",""
"l10n_th_account_621200","621200","Loss on Exchange Rate","expense","False","",""
"l10n_th_account_622100","622100","Bank fees","expense","False","",""
"l10n_th_account_622200","622200","Cash Difference Loss","expense","False","",""
"l10n_th_account_631100","631100","Corporate Income Tax","expense","False","",""
"l10n_th_account_999999","999999","Current Year Earnings","equity_unaffected","False","",""
