"id","code","name","account_type","reconcile","non_trade","tag_ids","name@it"
"1101","1101","Planting costs","asset_non_current","False","","l10n_it.account_tag_B_ATT","Costi di impianto"
"1106","1106","Software","asset_non_current","False","","l10n_it.account_tag_B_ATT","Software"
"1108","1108","Startup","asset_non_current","False","","l10n_it.account_tag_B_ATT","Avviamento"
"1111","1111","Provision for depreciation of start-up costs","asset_non_current","False","","l10n_it.account_tag_B_ATT","Fondo ammortamento costi di impianto"
"1116","1116","Provision for software amortization","asset_non_current","False","","l10n_it.account_tag_B_ATT","Fondo ammortamento software"
"1118","1118","Goodwill amortization provision","asset_non_current","False","","l10n_it.account_tag_B_ATT","Fondo ammortamento avviamento"
"1201","1201","Buildings","asset_non_current","False","","l10n_it.account_tag_B_ATT","Fabbricati"
"1202","1202","Plant and machinery","asset_non_current","False","","l10n_it.account_tag_B_ATT","Impianti e macchinari"
"1204","1204","Commercial equipment","asset_non_current","False","","l10n_it.account_tag_B_ATT","Attrezzature commerciali"
"1205","1205","Office machines","asset_non_current","False","","l10n_it.account_tag_B_ATT","Macchine d'ufficio"
"1206","1206","Furniture","asset_non_current","False","","l10n_it.account_tag_B_ATT","Arredamento"
"1207","1207","Vehicles","asset_non_current","False","","l10n_it.account_tag_B_ATT","Automezzi"
"1208","1208","Durable packaging","asset_non_current","False","","l10n_it.account_tag_B_ATT","Imballaggi durevoli"
"1211","1211","Building depreciation fund","asset_non_current","False","","l10n_it.account_tag_B_ATT","Fondo ammortamento fabbricati"
"1212","1212","Provision for depreciation of plant and machinery","asset_non_current","False","","l10n_it.account_tag_B_ATT","Fondo ammortamento impianti e macchinari"
"1214","1214","Allowance for depreciation of business equipment","asset_non_current","False","","l10n_it.account_tag_B_ATT","Fondo ammortamento attrezzature commerciali"
"1215","1215","Provision for depreciation of office machines","asset_non_current","False","","l10n_it.account_tag_B_ATT","Fondo ammortamento macchine d'ufficio"
"1216","1216","Furniture depreciation fund","asset_non_current","False","","l10n_it.account_tag_B_ATT","Fondo ammortamento arredamento"
"1217","1217","Provision for vehicle depreciation","asset_non_current","False","","l10n_it.account_tag_B_ATT","Fondo ammortamento automezzi"
"1218","1218","Durable packaging depreciation fund","asset_non_current","False","","l10n_it.account_tag_B_ATT","Fondo ammortamento imballaggi durevoli"
"1220","1220","Fixed assets suppliers on account","asset_non_current","False","","l10n_it.account_tag_B_ATT","Fornitori immobilizzazioni c/acconti"
"1301","1301","Active mortgages","asset_fixed","False","","l10n_it.account_tag_B_ATT","Mutui attivi"
"1401","1401","Consumable materials","asset_current","False","","l10n_it.account_tag_C_ATT","Materie di consumo"
"1404","1404","Goods","asset_current","False","","l10n_it.account_tag_C_ATT","Merci"
"1410","1410","Suppliers down payments","asset_current","False","","l10n_it.account_tag_C_ATT","Acconti dei fornitori"
"1501","1501","Customer receivables","asset_receivable","True","","l10n_it.account_tag_C_ATT","Crediti verso i clienti"
"1502","1502","Miscellaneous trade receivables","asset_current","True","","l10n_it.account_tag_C_ATT","Crediti commerciali diversi"
"1503","1503","Clients expenses in advance","asset_current","True","","l10n_it.account_tag_C_ATT","Spese dei clienti in anticipo"
"1505","1505","Bills of exchange receivable","asset_current","True","","l10n_it.account_tag_C_ATT","Cambiali attive"
"1506","1506","Change them at a discount","asset_current","True","","l10n_it.account_tag_C_ATT","Cambiali allo sconto"
"1507","1507","Change in collection","asset_current","True","","l10n_it.account_tag_C_ATT","Cambiali all'incasso"
"1508","1508","Accounts receivable (PoS)","asset_receivable","True","","l10n_it.account_tag_C_ATT","Crediti v/clienti (PoS)"
"1509","1509","Invoices to be issued","asset_current","True","","l10n_it.account_tag_C_ATT","Fatture da emettere"
"1510","1510","Outstanding receivables","asset_current","True","","l10n_it.account_tag_C_ATT","Crediti insoluti"
"1511","1511","Outstanding bills of exchange","asset_current","True","","l10n_it.account_tag_C_ATT","Cambiali insolute"
"1531","1531","Receivables to be settled","asset_current","True","","l10n_it.account_tag_C_ATT","Crediti da liquidare"
"1540","1540","Allowance for doubtful accounts","asset_current","True","","l10n_it.account_tag_C_ATT","Fondo svalutazione crediti"
"1541","1541","Provision for credit risks","asset_current","True","","l10n_it.account_tag_C_ATT","Fondo rischi su crediti"
"1601","1601","VAT credit","asset_current","False","","l10n_it.account_tag_C_ATT","Credito IVA"
"1602","1602","VAT down payment","asset_current","False","","l10n_it.account_tag_C_ATT","Acconto IVA"
"1605","1605","VAT receivables","asset_current","False","","l10n_it.account_tag_C_ATT","Crediti per IVA"
"1607","1607","Down payment taxes","asset_current","False","","l10n_it.account_tag_C_ATT","Imposte sull'acconto"
"1608","1608","Tax credits","asset_current","False","","l10n_it.account_tag_C_ATT","Crediti per imposte"
"1609","1609","Receivables for withholdings incurred","asset_current","False","","l10n_it.account_tag_C_ATT","Crediti per ritenute subite"
"1610","1610","Receivables for deposits","asset_current","False","","l10n_it.account_tag_C_ATT","Crediti per cauzioni"
"1620","1620","Staff down payments","asset_current","False","","l10n_it.account_tag_C_ATT","Pagamenti anticipati del personale"
"1630","1630","Social security institution receivables","asset_current","False","","l10n_it.account_tag_C_ATT","Crediti dell'ente previdenziale"
"1640","1640","Miscellaneous debtors","asset_current","False","","l10n_it.account_tag_C_ATT","Debitori diversi"
"1901","1901","Accrued income","asset_current","False","","l10n_it.account_tag_D_ATT","Ratei attivi"
"1902","1902","Prepaid expenses","asset_current","False","","l10n_it.account_tag_D_ATT","Risconti attivi"
"2101","2101","Net worth","equity","False","","l10n_it.account_tag_A_PASS","Patrimonio netto"
"2102","2102","Operating profit","income","False","","l10n_it.account_tag_A_PASS","Utile d'esercizio"
"2103","2103","Operating loss","expense","False","","l10n_it.account_tag_A_PASS","Perdita d'esercizio"
"2104","2104","Extra management withdrawals","income","False","","l10n_it.account_tag_A_PASS","Prelevamenti extra gestione"
"2105","2105","Holder withholdings incurred","equity","False","","l10n_it.account_tag_A_PASS","Ritenute del titolare subite"
"2201","2201","Provision for taxes","liability_current","False","","l10n_it.account_tag_B_PASS","Fondo per imposte"
"2204","2204","Liability fund","liability_current","False","","l10n_it.account_tag_B_PASS","Fondo responsabilità civile"
"2205","2205","Provision for future expenses","liability_current","False","","l10n_it.account_tag_B_PASS","Fondo spese future"
"2211","2211","Scheduled maintenance fund","liability_current","False","","l10n_it.account_tag_B_PASS","Fondo manutenzioni programmate"
"2301","2301","TFRL debts","liability_current","False","","l10n_it.account_tag_C_PASS","Debiti per TFRL"
"2410","2410","Mortgages payable","liability_current","False","","l10n_it.account_tag_D_PASS","Mutui passivi"
"2411","2411","Banks grants","liability_current","False","","l10n_it.account_tag_D_PASS","Sovvenzioni delle banche"
"2420","2420","Banks in collection","liability_current","False","","l10n_it.account_tag_D_PASS","Banche in raccolta"
"2421","2421","Banks RIBA account in collection","liability_current","False","","l10n_it.account_tag_D_PASS","Conto RIBA delle banche in raccolta"
"2422","2422","Banks account bills in collection","liability_current","False","","l10n_it.account_tag_D_PASS","Conti correnti bancari in incasso"
"2423","2423","Bank account advances on invoices","liability_current","False","","l10n_it.account_tag_D_PASS","Anticipi bancari su fatture"
"2440","2440","Debts to other lenders","liability_current","False","","l10n_it.account_tag_D_PASS","Debiti verso altri finanziatori"
"2501","2501","Accounts payable","liability_payable","True","","l10n_it.account_tag_D_PASS","Debiti v/fornitori"
"2503","2503","Bills of exchange","liability_current","True","","l10n_it.account_tag_D_PASS","Cambiali passive"
"2520","2520","Invoices to be received","liability_current","True","","l10n_it.account_tag_D_PASS","Fatture da ricevere"
"2521","2521","Debts to be settled","liability_current","True","","l10n_it.account_tag_D_PASS","Debiti da liquidare"
"2530","2530","Customers down payments","liability_current","True","","l10n_it.account_tag_D_PASS","Acconti dei clienti"
"2601","2601","VAT debt","liability_current","False","","l10n_it.account_tag_D_PASS","Debito IVA"
"2602","2602","Payables for withholding taxes to be paid","liability_current","False","","l10n_it.account_tag_D_PASS","Debiti per ritenute da versare"
"2605","2605","Treasury VAT","liability_payable","True","True","l10n_it.account_tag_D_PASS","Tesoro IVA"
"2606","2606","Taxes payable","liability_current","False","","l10n_it.account_tag_D_PASS","Debiti per imposte"
"2607","2607","Funds with VAT Split Payment","liability_payable","True","True","l10n_it.account_tag_D_PASS","Erario c/IVA Split Payment"
"2608","2608","VAT Split Payment","liability_current","False","","l10n_it.account_tag_D_PASS","IVA c/Split Payment"
"2619","2619","Payables for deposits","liability_current","False","","l10n_it.account_tag_D_PASS","Debiti per cauzioni"
"2620","2620","Staff salaries","liability_current","False","","l10n_it.account_tag_D_PASS","Stipendi del personale"
"2621","2621","Staff liquidations","liability_current","False","","l10n_it.account_tag_D_PASS","Liquidazioni del personale"
"2622","2622","Customers disposal","liability_current","False","","l10n_it.account_tag_D_PASS","Smaltimento dei clienti"
"2630","2630","Social security debts","liability_current","False","","l10n_it.account_tag_D_PASS","Debiti previdenziali"
"2640","2640","Miscellaneous creditors","liability_current","False","","l10n_it.account_tag_D_PASS","Creditori diversi"
"2701","2701","Accrued expenses","liability_current","False","","l10n_it.account_tag_E_PASS","Ratei passivi"
"2702","2702","Deferred income","liability_current","False","","l10n_it.account_tag_E_PASS","Risconti passivi"
"2801","2801","Opening balance","liability_current","False","","","Bilancio di apertura"
"2802","2802","Closing balance sheet","liability_current","False","","","Bilancio di chiusura"
"2810","2810","VAT liquidations","liability_current","False","","","Liquidazioni IVA"
"2811","2811","Social security institutions","liability_current","False","","","Istituti previdenziali"
"2901","2901","Third-party assets","off_balance","False","","l10n_it.account_tag_BENI","Beni di terzi"
"2902","2902","Depositors of goods","off_balance","False","","l10n_it.account_tag_BENI","Depositanti beni"
"2911","2911","Goods to be received","off_balance","False","","l10n_it.account_tag_IMPEGNI","Merci da ricevere"
"2912","2912","Supplier commitments","off_balance","False","","l10n_it.account_tag_IMPEGNI","Impegni dei fornitori"
"2913","2913","Commitments for leased assets","off_balance","False","","l10n_it.account_tag_IMPEGNI","Impegni per beni in leasing"
"2914","2914","Lease creditors","off_balance","False","","l10n_it.account_tag_IMPEGNI","Creditori di leasing"
"2916","2916","Customer engagements","off_balance","False","","l10n_it.account_tag_IMPEGNI","Impegni dei clienti"
"2917","2917","Goods to be delivered","off_balance","False","","l10n_it.account_tag_IMPEGNI","Merci da consegnare"
"2921","2921","Risks for discounted effects","off_balance","False","","l10n_it.account_tag_RISCHI","Rischi per effetti scontati"
"2922","2922","Banks discounted effects","off_balance","False","","l10n_it.account_tag_RISCHI","Banche effetti scontati"
"2926","2926","Risks for surety bonds","off_balance","False","","l10n_it.account_tag_RISCHI","Rischi per fideiussioni"
"2927","2927","Creditors for surety bonds","off_balance","False","","l10n_it.account_tag_IMPEGNI","Creditori per fideiussioni"
"2931","2931","Risks for endorsements","off_balance","False","","l10n_it.account_tag_RISCHI","Rischi per avalli"
"2932","2932","Creditors for endorsements","off_balance","False","","l10n_it.account_tag_IMPEGNI","Creditori per avalli"
"3101","3101","Goods w/sales","income","False","","l10n_it.account_tag_A_PL","Merci c/vendite"
"3103","3103","Reimbursement of sales expenses","income","False","","l10n_it.account_tag_A_PL","Rimborsi spese di vendita"
"3110","3110","Returns on sales","income","False","","l10n_it.account_tag_A_PL","Resi su vendite"
"3111","3111","Rebates and rebates payable","income","False","","l10n_it.account_tag_A_PL","Ribassi e abbuoni passivi"
"3112","3112","Premiums on sales","income","False","","l10n_it.account_tag_A_PL","Premi su vendite"
"3201","3201","Premiums on salesRent income","income","False","","l10n_it.account_tag_A_PL","Fitti attivi"
"3202","3202","Miscellaneous income","income","False","","l10n_it.account_tag_A_PL","Proventi vari"
"3210","3210","Active rounding","income","False","","l10n_it.account_tag_A_PL","Arrotondamenti attivi"
"3220","3220","Miscellaneous ordinary capital gains","income","False","","l10n_it.account_tag_A_PL","Plusvalenze ordinarie diverse"
"3230","3230","Miscellaneous ordinary contingent assets","income","False","","l10n_it.account_tag_A_PL","Sopravvenienze attive ordinarie diverse"
"3240","3240","Sundry ordinary non-existent assets","income","False","","l10n_it.account_tag_A_PL","Insussistenze attive ordinarie diverse"
"4101","4101","Goods purchased","expense","False","","l10n_it.account_tag_B_PL","Merce acquistata"
"4102","4102","Consumables purchased","expense","False","","l10n_it.account_tag_B_PL","Materiali di consumo acquistati"
"4105","4105","Goods contributions","expense","False","","l10n_it.account_tag_B_PL","Contributi per le merci"
"4110","4110","Returns on purchases","expense","False","","l10n_it.account_tag_B_PL","Resi su acquisti"
"4111","4111","Active rebates and discounts","expense","False","","l10n_it.account_tag_B_PL","Ribassi e abbuoni attivi"
"4112","4112","Rewards on purchases","expense","False","","l10n_it.account_tag_B_PL","Premi su acquisti"
"4121","4121","Goods initial existences","expense","False","","l10n_it.account_tag_B_PL","Esistenze iniziali dei beni"
"4122","4122","Existing consumables","expense","False","","l10n_it.account_tag_B_PL","Materiali di consumo esistenti"
"4131","4131","Goods closing inventory","expense","False","","l10n_it.account_tag_B_PL","Inventario di chiusura merci"
"4132","4132","Consumables closing inventories","expense","False","","l10n_it.account_tag_B_PL","Rimanenze finali di materiali di consumo"
"4201","4201","Transportation costs","expense","False","","l10n_it.account_tag_B_PL","Costi di trasporto"
"4202","4202","Energy costs","expense","False","","l10n_it.account_tag_B_PL","Costi per energia"
"4203","4203","Advertising costs","expense","False","","l10n_it.account_tag_B_PL","Costi di pubblicità"
"4204","4204","Consulting costs","expense","False","","l10n_it.account_tag_B_PL","Costi di consulenze"
"4205","4205","Postal costs","expense","False","","l10n_it.account_tag_B_PL","Costi postali"
"4206","4206","Telephone costs","expense","False","","l10n_it.account_tag_B_PL","Costi telefonici"
"4207","4207","Insurance costs","expense","False","","l10n_it.account_tag_B_PL","Costi di assicurazione"
"4208","4208","Supervisory costs","expense","False","","l10n_it.account_tag_B_PL","Costi di vigilanza"
"4209","4209","Costs for the premises","expense","False","","l10n_it.account_tag_B_PL","Costi per i locali"
"4210","4210","Motor vehicle operating costs","expense","False","","l10n_it.account_tag_B_PL","Costi di esercizio automezzi"
"4211","4211","Maintenance and repair costs","expense","False","","l10n_it.account_tag_B_PL","Costi di manutenzione e riparazione"
"4212","4212","Commissions payable","expense","False","","l10n_it.account_tag_B_PL","Provvigioni passive"
"4213","4213","Collection fees","expense","False","","l10n_it.account_tag_B_PL","Spese di incasso"
"4301","4301","Rents payable","expense","False","","l10n_it.account_tag_B_PL","Fitti passivi"
"4302","4302","Leasing fees","expense","False","","l10n_it.account_tag_B_PL","Canoni di leasing"
"4401","4401","Wages and salaries","expense","False","","l10n_it.account_tag_B_PL","Salari e stipendi"
"4402","4402","Social charges","expense","False","","l10n_it.account_tag_B_PL","Oneri sociali"
"4403","4403","TFRL","expense","False","","l10n_it.account_tag_B_PL","TFRL"
"4404","4404","Other personnel costs","expense","False","","l10n_it.account_tag_B_PL","Altri costi per il personale"
"4501","4501","Amortization of start-up costs","expense","False","","l10n_it.account_tag_B_PL","Ammortamento costi di impianto"
"4506","4506","Software amortization","expense","False","","l10n_it.account_tag_B_PL","Ammortamento software"
"4508","4508","Goodwill amortization","expense","False","","l10n_it.account_tag_B_PL","Ammortamento avviamento"
"4601","4601","Building depreciation","expense","False","","l10n_it.account_tag_B_PL","Ammortamento fabbricati"
"4602","4602","Depreciation of plant and machinery","expense","False","","l10n_it.account_tag_B_PL","Ammortamento impianti e macchinari"
"4604","4604","Commercial equipment depreciation","expense","False","","l10n_it.account_tag_B_PL","Ammortamento attrezzature commerciali"
"4605","4605","Depreciation of office machines","expense","False","","l10n_it.account_tag_B_PL","Ammortamento macchine d'ufficio"
"4606","4606","Furniture depreciation","expense","False","","l10n_it.account_tag_B_PL","Ammortamento arredamento"
"4607","4607","Vehicle depreciation","expense","False","","l10n_it.account_tag_B_PL","Ammortamento automezzi"
"4608","4608","Durable packaging depreciation","expense","False","","l10n_it.account_tag_B_PL","Ammortamento imballaggi durevoli"
"4701","4701","Durable packaging depreciation","expense","False","","l10n_it.account_tag_B_PL","Ammortamento imballaggi durevoli"
"4702","4702","Depreciation of tangible fixed assets","expense","False","","l10n_it.account_tag_B_PL","Svalutazioni immobilizzazioni materiali"
"4706","4706","Impairment of receivables","expense","False","","l10n_it.account_tag_B_PL","Svalutazione crediti"
"4814","4814","Provision for liability","expense","False","","l10n_it.account_tag_B_PL","Accantonamento per responsabilità civile"
"4821","4821","Provision for future expenses","expense","False","","l10n_it.account_tag_B_PL","Fondo spese future"
"4823","4823","Provision for planned maintenance","expense","False","","l10n_it.account_tag_B_PL","Accantonamento per manutenzioni programmate"
"4901","4901","Miscellaneous tax charges","expense","False","","l10n_it.account_tag_B_PL","Oneri fiscali diversi"
"4903","4903","Miscellaneous charges","expense","False","","l10n_it.account_tag_B_PL","Oneri vari"
"4905","4905","Losses on receivables","expense","False","","l10n_it.account_tag_B_PL","Perdite su crediti"
"4910","4910","Passive rounding","expense","False","","l10n_it.account_tag_B_PL","Arrotondamenti passivi"
"4920","4920","Miscellaneous ordinary capital losses","expense","False","","l10n_it.account_tag_B_PL","Minusvalenze ordinarie diverse"
"4930","4930","Miscellaneous ordinary contingent liabilities","expense","False","","l10n_it.account_tag_B_PL","Sopravvenienze passive ordinarie diverse"
"4940","4940","Miscellaneous ordinary nonexistent liabilities","expense","False","","l10n_it.account_tag_B_PL","Insussistenze passive ordinarie diverse"
"5110","5110","Interest income from customers","income_other","False","","l10n_it.account_tag_C_PL","Interessi attivi v/clienti"
"5115","5115","Bank interest income","income_other","False","","l10n_it.account_tag_C_PL","Interessi attivi bancari"
"5116","5116","Postal interest income","income_other","False","","l10n_it.account_tag_C_PL","Interessi attivi postali"
"5140","5140","Miscellaneous financial income","income_other","False","","l10n_it.account_tag_C_PL","Proventi finanziari diversi"
"5201","5201","Interest expense from/to suppliers","expense","False","","l10n_it.account_tag_C_PL","Interessi passivi v/fornitori"
"5202","5202","Bank interest expense","expense","False","","l10n_it.account_tag_C_PL","Interessi passivi bancari"
"5203","5203","Bank overdrafts","expense","False","","l10n_it.account_tag_C_PL","Sconti passivi bancari"
"5210","5210","Interest expense on mortgages","expense","False","","l10n_it.account_tag_C_PL","Interessi passivi su mutui"
"5240","5240","Miscellaneous financial charges","expense","False","","l10n_it.account_tag_C_PL","Oneri finanziari diversi"
"8101","8101","Taxes for the year","expense","False","","l10n_it.account_tag_E_PL","Imposte dell'esercizio"
"9101","9101","Economic performance account","expense","False","","","Conto di risultato economico"
"9102","9102","État patrimonial","expense","False","","","Stato patrimoniale"
"11","11","CURRENT ASSET RECEIVABLES","asset_current","False","","","CREDITI DELL'ATTIVO CIRCOLANTE"
"11104","11104","Disputed receivables","asset_current","False","","","Crediti in contenzioso"
"11105","11105","Other receivables from suppliers within 12 months","asset_current","False","","","Altri Cred.v/fornitori entro 12 mesi"
"11151","11151","Receivables from subsidiaries within 12 months","asset_current","False","","","Cred.v/controllate entro 12 mesi"
"11251","11251","Receivables from associates within 12 months","asset_current","False","","","Cred.v/collegate entro 12 mesi"
"11351","11351","Receivables from parent companies within 12 months","asset_current","False","","","Cred.v/controllanti entro 12 mesi"
"1145","1145","TAX RECEIVABLES WITHIN 12 MONTHS","asset_current","False","","","CREDITI TRIBUTARI ENTRO 12 MESI"
"11452","11452","Input VAT","asset_current","False","","","Input VAT"
"11453","11453","Tax prepayments for VAT","asset_current","False","","","Erario c/acconti IVA"
"11454","11454","VAT credit to be used within 12 months","asset_current","False","","","Erario c/IVA da comp.entro 12 mesi"
"11455","11455","VAT refund due within 12 months","asset_current","False","","","Erario c/IVA a rimb.entro 12 mesi"
"11456","11456","Tax withheld","asset_current","False","","","Erario c/ritenute subite"
"11457","11457","Corporate income tax (IRES) receivables","asset_current","False","","","Erario c/IRES"
"11458","11458","IRES prepayments","asset_current","False","","","Acconti IRES"
"11459","11459","IRES refund due within 12 months","asset_current","False","","","Erario c/IRES a rimb.entro 12 mesi"
"114599","114599","Other tax receivables","asset_current","False","","","Altri crediti tributari"
"115","115","OTHER CUSTOMER RECEIVABLES WITHIN 12 MONTHS","asset_current","False","","","ALTRI CRED.V/CLIENTI ENTRO 12 MESI"
"1151","1151","Intercompany current account Odoo SA","asset_current","False","","","C/C Interco Odoo SA"
"1153","1153","Bank receipts","asset_current","False","","","Ricevute bancarie"
"1154","1154","Receivables for late interest within 12 months","asset_current","False","","","Cred.per int.di mora entro 12 mesi"
"1155","1155","Invoices to be issued","asset_current","False","","","Invoice to be issued"
"11651","11651","Receivables from employees","asset_current","False","","","Crediti v/dipendenti"
"11652","11652","Receivables from other parties","asset_current","False","","","Crediti v/altri soggetti"
"11653","11653","Security deposits within 12 months","asset_current","False","","","Depositi cauzionali entro 12 mesi"
"11655","11655","Credit notes from suppliers","asset_current","False","","","Note credito da fornitori"
"11657","11657","Other receivables within 12 months","asset_current","False","","","Crediti diversi entro 12 mesi"
"15","15","CASH AND CASH EQUIVALENTS","asset_current","False","","","DISPONIBILITA' LIQUIDE"
"151","151","CHEQUES","asset_cash","False","","","ASSEGNI"
"15101","15101","Cheques","asset_cash","False","","","Cheques"
"1515","1515","Bank suspense account","asset_cash","False","","","Bank suspense account"
"15151","15151","Cash Euro","asset_cash","False","","","Cassa Euro"
"15152","15152","Foreign currency cash","asset_cash","False","","","Cassa valute estere"
"15153","15153","Stamped paper cash","asset_cash","False","","","Cassa valori bollati"
"155","155","BANK AND POSTAL DEPOSITS","asset_cash","False","","","DEPOSITI BANCARI E POSTALI"
"1551","1551","Bank","asset_cash","False","","","Banca"
"1551003","1551003","Cash","asset_cash","False","","","Cash"
"1552","1552","Postal deposits","asset_cash","False","","","Depositi postali"
"16","16","PREPAID EXPENSES AND ACCRUED INCOME","asset_current","False","","","RATEI E RISCONTI ATTIVI"
"161","161","PREPAID EXPENSES","asset_current","False","","","RISCONTI ATTIVI"
"16101","16101","Prepaid expenses","asset_current","False","","","Prepaid expenses"
"1615","1615","LONG-TERM PREPAID EXPENSES","asset_current","False","","","RISCONTI ATTIVI PLURIENNALI"
"16151","16151","Long-term prepaid leasing expenses","asset_current","False","","","Risconti attivi pluriennali leasing"
"16152","16152","Long-term financing costs","asset_current","False","","","Oneri pluriennali su finanziamenti"
"163","163","UNPAID COSTS AND EXPENSES","asset_current","False","","","COSTI E SPESE NON PAGATI"
"16301","16301","Unpaid costs and expenses","asset_current","False","","","Costi e spese non pagati"
"165","165","ACCRUED INCOME","asset_current","False","","","RATEI ATTIVI"
"1651","1651","Accrued income","asset_current","False","","","Ratei attivi"
"18","18","EQUITY","equity","False","","","PATRIMONIO NETTO"
"181","181","SHARE PREMIUM RESERVE","equity","False","","","RISERVA DA SOPRAPPREZZO DI AZIONI"
"18101","18101","Share premium reserve","equity","False","","","Riserva da soprapprezzo di azioni"
"18201","18201","Legal reserve","equity","False","","","Riserva legale"
"18357","18357","Capital contributions","equity","False","","","Capital contributions"
"18401","18401","Retained earnings","equity","False","","","Utili portati a nuovo"
"18403","18403","Accumulated losses","equity","False","","","Perdite portate a nuovo"
"1845","1845","PROFIT (LOSS) FOR THE YEAR","equity","False","","","UTILE (PERDITA) DELL'ESERCIZIO"
"18451","18451","Profit for the year","equity","False","","","Utile dell'esercizio"
"18452","18452","Loss for the year","equity_unaffected","False","","","Loss for the year"
"185","185","CAPITAL","equity","False","","","CAPITALE"
"1851","1851","Ordinary shares","equity","False","","","Azioni ordinarie"
"1852","1852","Preferred shares","equity","False","","","Azioni privilegiate"
"1854","1854","Capital","equity","False","","","Capital"
"225","225","Suppliers","liability_payable","False","","","Suppliers"
"23","23","Debts","liability_current","False","","","DEBITI"
"23115","23115","Tax payables within 12 months","liability_current","False","","","DEBITI TRIBUTARI ENTRO 12 MESI"
"231151","231151","Tax authority VAT payables","liability_current","False","","","Erario c/IVA"
"231152","231152","Output VAT","liability_current","False","","","Output VAT"
"231154","231154","IRPEF employee withholding tax","liability_current","False","","","IRPEF employee withholding tax"
"231159","231159","Payable for IRES (corporate income tax)","liability_current","False","","","Debito per IRES"
"2311599","2311599","Other payables to tax authorities","liability_current","False","","","Altri debiti verso erario"
"23125","23125","Social security/payroll debts within 12 months","liability_current","False","","","DEBITI PREVID./ASSIC. ENTRO 12 MESI"
"231251","231251","Debts to INPS (social security) for employees within 12 months","liability_current","False","","","Debts to INPS for employees within 12 months"
"231253","231253","Payables to INAIL (accident insurance)","liability_current","False","","","Payables v/INAIL"
"231354","231354","Various security deposits within 12 months","liability_current","False","","","Dep.cauzionali vari entro 12 mesi"
"231355002","231355002","Debts for employee expense reports","liability_current","False","","","Debiti per note spese dipendenti"
"231359","231359","Payroll debts, stipulations, vacation pay","liability_current","False","","","Payroll debts, stipulations, vacation pay"
"2365","2365","Other payables to suppliers within 12 months","liability_current","False","","","ALTRI DEB.V/FORNITORI ENTRO 12 MESI"
"23651","23651","Payables to suppliers of goods and services < 12 months","liability_current","False","","","Deb.v/forn.di beni e servizi<12mesi"
"23653","23653","Invoices to be received within 12 months","liability_current","False","","","Invoice to be received 12 months"
"25","25","Accrued expenses and deferred income (liabilities)","liability_current","False","","","RATEI E RISCONTI PASSIVI"
"251","251","Deferred income","liability_current","False","","","RISCONTI PASSIVI"
"25101","25101","Deferred income","liability_current","False","","","Risconti passivi"
"253","253","Uncollected revenues and fees","liability_current","False","","","RICAVI E COMPENSI NON RISCOSSI"
"25301","25301","Uncollected revenues and fees","liability_current","False","","","Ricavi e compensi non riscossi"
"255","255","Accrued liabilities","liability_current","False","","","RATEI PASSIVI"
"2551","2551","Accrued liabilities","liability_current","False","","","Ratei passivi"
"260800","260800","VAT split payment","liability_current","False","","","VAT Split Payment"
"27","27","Raw Material Costs","expense","False","","","COSTI MAT.PRIME,SUSS.,CONSUMO,MERCI"
"271","271","Tangible Assets","expense","False","","","ACQ.BENI MATERIALI AMMORTIZZABILI"
"27101","27101","Building Purchase","expense","False","","","Acquisto fabbricati"
"27102","27102","Equipment Purchase","expense","False","","","Acquisto attrezzature"
"27104","27104","Furniture Purchase","expense","False","","","Acquisto mobili e arredi"
"27105","27105","Electrical Machines","expense","False","","","Acquisto macchine elettr."
"27106","27106","Low-Value Tangibles","expense","False","","","Acq. beni materiali inf.516,46 Euro"
"2715","2715","Intangible Assets","expense","False","","","ACQ.BENI IMMATERIALI AMMORTIZZABILI"
"27151","27151","Multi-year Costs","expense","False","","","Costi pluriennali"
"275","275","Misc Purchases","expense","False","","","ACQUISTI DIVERSI"
"2751","2751","Raw Materials","expense","False","","","Materie prime"
"27510","27510","Fuel (40%)","expense","False","","","Carbur./lubrific.autovett.(ded.40%)"
"27511","27511","Fuel (80%)","expense","False","","","Carbur./lubrific.autovett.(ded.80%)"
"27517","27517","Promotional Materials","expense","False","","","Materiale pubblicit.e di propag."
"27523","27523","Staff Lodging","expense","False","","","Spese funz.strutt.recettive dipend."
"27524","27524","Canteen Costs","expense","False","","","Spese funz. mense dipendenti"
"2753","2753","Consumables","expense","False","","","Consumable materials"
"27530","27530","Low-Value Goods (Ded)","expense","False","","","Acqu.beni inf. a 516,46 Euro ded."
"27531","27531","Low-Value Goods (Non-Ded)","expense","False","","","Acqu.beni inf.a 516,46 Euro inded."
"27532","27532","Non-Deductible Purchases","expense","False","","","Acquisti vari indeducibili"
"2757","2757","Purchase Discounts","expense","False","","","Sconti,abb.,premi,resi su acqu.att."
"291","291","Commercial Services","expense","False","","","COSTI PER SERVIZI (COMMERCIALI)"
"29101","29101","Sales Commissions","expense","False","","","Sales commissions"
"291010","291010","Online marketing","expense","False","","","Marketing online"
"291012","291012","Sponsorships","expense","False","","","Sponsorizzazioni"
"291013","291013","Deductible representation expenses","expense","False","","","Deductible representation expenses"
"291014","291014","Marketing","expense","False","","","Marketing offline"
"291015","291015","Non-deductible representation expenses","expense","False","","","Non-deductible representation expenses"
"291016","291016","Lunch","expense","False","","","Lunch"
"291018","291018","Representation expenses (75% deductible)","expense","False","","","Spese rappresentanza (ded. 75%)"
"291019","291019","Roadshow","expense","False","","","Roadshow"
"29102","29102","ENASARCO contributions","expense","False","","","Contributi ENASARCO"
"29103","29103","FIRR (severance indemnity) for agents","expense","False","","","FIRR agenti"
"291030","291030","EU Travel","expense","False","","","Ag.viaggio-acquisti entro UE"
"291031","291031","Non-EU Travel","expense","False","","","Ag.viaggio-acquisti fuori UE"
"2915","2915","Service costs","expense","False","","","COSTI PER SERVIZI"
"29151","29151","Car Insurance (Ded)","expense","False","","","Assicurazioni autovett.deducibili"
"291510","291510","Travel/Food (75%)","expense","False","","","Travel, food and personnel costs deducted up to 75%"
"29151001","29151001","Maintenance Costs","expense","False","","","Maintenance expenses"
"29151002","29151002","Special Consulting","expense","False","","","Spese per attività di consulenza straordinaria"
"29151003","29151003","Supply Expenses","expense","False","","","Spese per forniture/attrezzature"
"29151004","29151004","Incidental Costs","","False","","","Other incidental expenses"
"2915101","2915101","Security Costs","expense","False","","","Servizi e spese di vigilanza"
"2915102","2915102","INPS (Projects)","expense","False","","","Contrib.INPS collab./lav.a progetto"
"2915103","2915103","Fuel (Deductible)","expense","False","","","Carbur./lubrific.autovetture ded."
"291511","291511","Misc Commercial","expense","False","","","Servizi vari commerciali"
"29152","29152","Car Insurance (Non-Ded)","expense","False","","","Assicurazioni autovett.indeducibili"
"291524","291524","Maintenance/repairs on own assets","expense","False","","","Manut./ripar.su altri beni propri"
"291525","291525","Maintenance/repairs on third-party assets","expense","False","","","Maintenance/repairs on other third-party assets"
"29153","29153","Car insurance (40% deductible)","expense","False","","","Assicur.autovetture (ded. 40%)"
"291530","291530","Highway tolls","expense","False","","","Pedaggi autostradali"
"29154","29154","Car insurance (80% deductible)","expense","False","","","Assicur.autovetture (ded. 80%)"
"291541","291541","Collaborator Fees","expense","False","","","Compensi a collab./lavor.a progetto"
"291545","291545","Telephone","expense","False","","","Telephone"
"291546","291546","Energy","expense","False","","","Energy"
"291549","291549","Bank Fees","expense","False","","","Bank commissions"
"29155","29155","Car insurance (90% deductible)","expense","False","","","Assicur.autovetture (ded. 90%)"
"291552","291552","Legal Fees","expense","False","","","Legal and notary fees"
"291553","291553","Consulting Fees","expense","False","","","Business consulting expenses"
"291555","291555","Payroll consulting fees","expense","False","","","Payroll consulting fees"
"291558","291558","Training fees","expense","False","","","Training fees"
"291559","291559","Office expenses","expense","False","","","Office expenses"
"291560","291560","Service charges and canteen costs","expense","False","","","Service charges canteen costs"
"291562","291562","Recruitment","expense","False","","","Recruitment"
"291564","291564","Cleaning Fees","expense","False","","","Services and cleaning fees"
"291565","291565","Admin Services (Ded)","expense","False","","","Serv.vari gener.e amministr.ded."
"291566","291566","Admin Services (Non-Ded)","expense","False","","","Serv.vari gener.e amministr.inded."
"29157","29157","Other Insurance","expense","False","","","Miscellaneous insurance"
"291579","291579","Software Expenses","expense","False","","","Spese relat.a software non ammort."
"29158","29158","Travel & Meals","expense","False","","","Travel expenses, meals, outbuildings"
"291581","291581","Other deductible expenses","","False","","","Altre spese deducibili"
"291584","291584","Other documented non-deductible expenses","","False","","","Altre spese documentate inded."
"291585","291585","Conference and course expenses (100% deductible)","expense","False","","","Spese convegni e corsi (ded. 100%)"
"291586","291586","Conference and course expenses (50% deductible)","expense","False","","","Spese convegni e corsi (ded. 50%)"
"291590","291590","Support service fees","expense","False","","","Canoni di assistenza"
"291591","291591","Social security contributions for self-employed","expense","False","","","Contr.cassa prev.lav.auton.aff.att."
"291598","291598","Highway tolls (20% deductible)","expense","False","","","Pedaggi autostradali (ded.20%)"
"291599","291599","Highway tolls (70% deductible)","expense","False","","","Pedaggi autostradali (ded.70%)"
"3","3","Intangible fixed assets","asset_non_current","False","","","IMMOBILIZZAZIONI IMMATERIALI"
"31","31","Research, development, and advertising costs","asset_non_current","False","","","COSTI RICERCA,SVILUPPO,PUBBLICITA'"
"3101","3101","Research and development expenses","asset_non_current","False","","","Spese di ricerca e sviluppo"
"3102","3102","Advertising expenses","asset_non_current","False","","","Spese di pubblicita'"
"3152","3152","Patent and usage licenses","asset_non_current","False","","","Licenze di brevetti e d'uso"
"3153","3153","Copyright and intellectual property rights","asset_non_current","False","","","Diritti utilizzo opere dell'ingegno"
"3154","3154","Software Assets","asset_non_current","False","","","Programmi software in proprieta'"
"32","32","Trademarks & Licenses","asset_non_current","False","","","CONCESSIONI,LICENZE,MARCHI,SIMILI"
"3201","3201","Concessions and licenses","asset_non_current","False","","","Concessioni e licenze"
"33","33","Intangible assets under construction and advances","asset_non_current","False","","","IMMOBILIZZ. IN CORSO E ACCONTI"
"3301","3301","Intangible assets under construction","asset_non_current","False","","","Immobilizz.immateriali in corso"
"3302","3302","Advances for intangible fixed assets","asset_non_current","False","","","Acconti per immobilizz.immateriali"
"335","335","Other Intangibles","asset_non_current","False","","","ALTRE IMMOBILIZZAZIONI IMMATERIALI"
"3352","3352","Improvement/adaptation costs on third-party assets","asset_non_current","False","","","Costi ampl./ammod.altri beni terzi"
"3353","3353","Costs of acquiring lease contracts","asset_non_current","False","","","Costi di acquisto contr.di leasing"
"35","35","Incorporation and expansion costs","asset_non_current","False","","","COSTI DI IMPIANTO E DI AMPLIAMENTO"
"352","352","Costs for starting new businesses or activities","asset_non_current","False","","","Costi di avv.nuove imprese o att."
"31","31","Costs for use of third-party assets","expense","False","","","COSTI PER GODIMENTO BENI DI TERZI"
"315","315","Leasing, rentals, hires, and licenses","expense","False","","","LEASING,LOCAZIONI,NOLEGGI,LICENZE"
"31511","31511","Financial charges on leasing","expense","False","","","Oneri finanziari su leasing"
"31512","31512","Deductible car rentals","expense","False","","","Noleggi autovetture deducibili"
"31514","31514","Deductible rentals (80%)","expense","False","","","Noleggi deducibili 80%"
"31515","31515","Deductible business lease payments","expense","False","","","Canoni d'affitto d'azienda ded."
"31519","31519","Patent Royalties","expense","False","","","Royalties per licenze di brevetti"
"31520","31520","Software Licenses","expense","False","","","Corrispettivi licenze software"
"31523","31523","Deductible leasing (80%)","expense","False","","","Leasing deducibili 80%"
"31526","31526","Non-deductible rental charges","expense","False","","","Oneri su locazioni non deducibili"
"31527","31527","Deductible leasing (40%)","expense","False","","","Leasing deducibili 40%"
"3153","3153","Rent","expense","False","","","Rent"
"31536","31536","Deductible property rental (50%)","expense","False","","","Locaz.immobile deducibile (ded.50%)"
"31537","31537","Deductible leasing (20%)","expense","False","","","Leasing deducibili 20%"
"31539","31539","Financial charges on car leasing (20% deductible)","expense","False","","","Oneri finan.leasing autov.(ded.20%)"
"3154","3154","Additional charges on office rentals","expense","False","","","Oneri accessori su locaz.uffici"
"31540","31540","Car leasing fringe benefit (70% deductible)","expense","False","","","On.leas.auto fringe benefit(ded70%)"
"31541","31541","Deductible rentals (20%)","expense","False","","","Noleggi deducibili 20%"
"31547","31547","Other deductible leasing (50%)","","False","","","Altri leasing deducibili 50%"
"31548","31548","Other deductible leasing (80%)","","False","","","Altri leasing deducibili 80%"
"3156","3156","Deductible car leasing","expense","False","","","Leasing autovetture deducibile"
"3157","3157","Non-deductible car leasing","expense","False","","","Leasing autovetture indeducibile"
"33","33","Personnel costs","expense","False","","","COSTI PER IL PERSONALE"
"331","331","Social charges","expense","False","","","ONERI SOCIALI"
"33101","33101","Compulsory accident insurance contributions","expense","False","","","Compulsory accident insurance contributions"
"331010","331010","Social security contributions","expense","False","","","Social security contributions"
"331011","331011","Welfare plan contributions for employees","expense","False","","","Contributo piano welfare dipendenti"
"33105","33105","Social security charges for employees","expense","False","","","Social security charges for employees"
"33106","33106","Social security charges for executives","expense","False","","","Oneri sociali per dirigenti"
"3315","3315","Severance indemnities","expense","False","","","TRATTAMENTO DI FINE RAPPORTO"
"33151","33151","Provision for severance fund – apprentices","expense","False","","","Accant.fondo TFR apprendisti"
"33153","33153","Provision for severance fund – other employees","expense","False","","","Accant. fondo TFR altri dipendenti"
"33156","33156","Termination benefits paid to other employees","expense","False","","","Termination benefits paid to other employees"
"33159","33159","Use of severance fund – other employees","expense","False","","","Utilizzo f.do TFR altri dipendenti"
"332","332","Retirement and similar benefits","expense","False","","","TRATTAMENTO DI QUIESCENZA E SIMILI"
"33201","33201","Contributions to supplementary pension funds","expense","False","","","Contributi a forme pens.complement."
"3325","3325","Other costs","","False","","","ALTRI COSTI"
"33254","33254","Scholarships","expense","False","","","Borse di studio"
"33257","33257","Compensation paid to collaborators","expense","False","","","Indenn.corrisposte a collaboratori"
"332599","332599","Other personnel costs","","False","","","Altri costi del personale"
"335","335","Wages and salaries","expense","False","","","SALARI E STIPENDI"
"35","35","Depreciation and write-downs","expense_depreciation","False","","","AMMORTAMENTI E SVALUTAZIONI"
"351","351","Depreciation of tangible fixed assets","expense_depreciation","False","","","AMMORTAMENTO IMMOBILIZZ.MATERIALI"
"351011","351011","Depreciation of office furniture and equipment","expense_depreciation","False","","","Ammortamento di mobili e attrezzature per ufficio"
"351012","351012","Depreciation of electronic equipment","expense_depreciation","False","","","Ammortamento di apparecchiature elettroniche"
"351013","351013","Depreciation of property, plant, and equipment","expense_depreciation","False","","","Ammortamento di immobili, impianti e macchinari"
"35107","35107","Depreciation of general and specific plants","expense_depreciation","False","","","Amm.impianti generici e specifici"
"35108","35108","Depreciation of machinery","expense_depreciation","False","","","Amm.macchinari"
"351099","351099","Depreciation of other tangible assets","expense_depreciation","False","","","Amm. altri beni materiali"
"3515","3515","Write-downs of fixed assets and receivables","","False","","","SVALUTAZIONI IMMOBILIZZ.E CREDITI"
"35151","35151","Exceptional depreciation of amortizable fixed assets","","False","","","Sval.eccez.immobilizz.ammort."
"35152","35152","Exceptional depreciation of non-amortizable fixed assets","","False","","","Sval.eccez.immobilizz.non ammort."
"35153","35153","Disposal of tangible fixed assets","","False","","","Eliminazione immobilizz.materiali"
"35154","35154","Disposal of intangible fixed assets","","False","","","Eliminazione immobilizz.immateriali"
"355","355","Depreciation of intangible fixed assets","","False","","","AMMORTAMENTO IMMOBILIZZ.IMMATERIALI"
"3551","3551","Depreciation on incorporation costs","","False","","","Depreciation on constitution costs"
"35510","35510","Depreciation of patent and usage licenses","","False","","","Amm.licenze di brevetti e d'uso"
"35512","35512","Depreciation of proprietary software","","False","","","Amm.software in proprieta'"
"35517","35517","Depreciation of trademarks","","False","","","Amm.marchi"
"35520","35520","Depreciation of goodwill","","False","","","Amm.avviamento"
"3557","3557","Depreciation of R&D expenses","","False","","","Amm.spese di ricerca e sviluppo"
"36","36","Opening inventories","","False","","","RIMANENZE INIZIALI"
"36101","36101","Opening stock of goods","","False","","","Esistenze iniziali merci"
"36103","36103","Opening stock of finished products","","False","","","Rim.iniziali prodotti"
"365","365","Opening stock of raw materials, secondary materials, and consumables","","False","","","RIM.INIZ.MAT.PRIME,SUSS.,DI CONSUMO"
"37","37","Provisions","","False","","","ACCANTONAMENTI"
"385","385","Other operating charges","","False","","","ONERI DIVERSI DI GESTIONE"
"38512","38512","Municipal property tax (ICI/IMU)","","False","","","ICI/IMU"
"38514","38514","Non-deductible VAT due to pro-rata","","False","","","IVA indetraibile da pro-rata"
"38518","38518","Stationery costs","","False","","","Spese di cancelleria"
"38523","38523","Contributions to unions and associations","","False","","","Contributi a sindacati e associazioni"
"38527","38527","Fines and penalties","","False","","","Multe e sanzioni"
"38528","38528","Chamber of Commerce fees (CCIAA)","","False","","","Diritti camerali (CCIAA)"
"38535","38535","Other deductible operating expenses","","False","","","Altre spese operative deducibili"
"38536","38536","Other non-deductible operating expenses","","False","","","Altre spese operative non deducibili"
"38537","38537","Government concession fees","","False","","","Tasse di concessione governativa"
"38538","38538","Government concession fees (80% deductible)","","False","","","Tasse concess.governat.(ded. 80%)"
"39","39","Financial charges","","False","","","ONERI FINANZIARI"
"395","395","Interest and other financial charges","","False","","","INTERESSI E ALTRI ONERI FINANZIARI"
"39513","39513","Default interest","","False","","","Interessi passivi di mora"
"39514","39514","Interest and charges on other debts","","False","","","Interessi ed oneri su altri debiti"
"39515","39515","Ancillary charges on loans","","False","","","Oneri accessori su finanziamenti"
"39517","39517","Guarantee commission fees","","False","","","Commissioni per fidejussioni"
"39518","39518","Merchant fees","","False","","","Merchant Fees"
"39519","39519","Discounts and other financial charges","","False","","","Sconti e altri oneri finanziari"
"39524","39524","Interest on third-party financing","","False","","","Int.passivi su finanz. di terzi"
"39533","39533","Interest on real estate leasing","","False","","","Interessi passivi leasing immobili"
"3954","3954","Interest and charges on bond debts","","False","","","Int./oneri su debiti obbligazionari"
"3955","3955","Interest and charges on bank debts","","False","","","Int.ed oneri su debiti v/banche"
"3956","3956","Mortgage interest","","False","","","Int.passivi su mutui"
"39599","39599","Other non-deductible financial charges","","False","","","Altri oneri finanziari inded."
"4","4","Tangible fixed assets","asset_fixed","False","","","IMMOBILIZZAZIONI MATERIALI"
"41","41","Plants and machinery","asset_fixed","False","","","IMPIANTI E MACCHINARIO"
"411","411","Technology","asset_fixed","False","","","Tecnologia"
"412","412","Installations","asset_fixed","False","","","Impianti"
"4152","4152","Various and minor equipment","asset_fixed","False","","","Attrezzatura varia e minuta"
"4153","4153","Machines & tools","asset_fixed","False","","","Macchine e strumenti"
"427","427","Other property","asset_fixed","False","","","Altri beni"
"42","42","Other tangible assets","asset_fixed","False","","","ALTRI BENI MATERIALI"
"4201","4201","Purchase (cars)","asset_fixed","False","","","Acquisto (auto)"
"4202","4202","Accessories (cars)","asset_fixed","False","","","Accessori (auto)"
"4203","4203","Depreciation on Car","asset_fixed","False","","","Ammortamento dell'auto"
"4204","4204","Purchase (utility cars)","asset_fixed","False","","","Acquisto (veicoli commerciali)"
"4205","4205","Accessories (utility cars)","asset_fixed","False","","","Accessori (veicoli commerciali)"
"4206","4206","Purchase (motorbikes)","asset_fixed","False","","","Acquisto (moto)"
"4207","4207","Accessories (motorbikes)","asset_fixed","False","","","Accessori (moto)"
"4208","4208","Purchase (bikes)","asset_fixed","False","","","Acquisto (biciclette)"
"4209","4209","Accessories (bikes)","asset_fixed","False","","","Accessori (biciclette)"
"42010","42010","Purchase (e-bikes)","asset_fixed","False","","","Acquisto (e-bike)"
"42011","42011","Accessories (e-bikes)","asset_fixed","False","","","Accessori (e-bike)"
"42012","42012","Office furniture and equipment","asset_fixed","False","","","Arredi e attrezzature per ufficio"
"42013","42013","Furniture & material","asset_fixed","False","","","Mobili e materiali"
"42014","42014","Depreciation on office furniture and machines","asset_fixed","False","","","Ammortamento di mobili e macchine per ufficio"
"425","425","Assets under construction","asset_fixed","False","","","IMMOBILIZZAZIONI IN CORSO E ACCONTI"
"4252","4252","Advances for tangible fixed assets","asset_fixed","False","","","Acconti per immobilizz.materiali"
"43","43","Assets leased under finance lease","asset_fixed","False","","","IMMOBILIZZ.CONCESSE IN LOCAZ.FIN."
"431","431","Financial leasing contract (cars)","asset_fixed","False","","","Contratto di leasing finanziario (auto)"
"432","432","Financial contract (motorbikes)","asset_fixed","False","","","Contratto finanziario (moto)"
"433","433","Financial leasing contract (bikes)","asset_fixed","False","","","Contratto di leasing finanziario (biciclette)"
"434","434","Financial leasing contract (e-bikes)","asset_fixed","False","","","Contratto di leasing finanziario (e-bike)"
"435","435","Financial leasing contract (utility cars)","asset_fixed","False","","","Contratto di leasing finanziario (veicoli commerciali)"
"45","45","Land and buildings","asset_fixed","False","","","TERRENI E FABBRICATI"
"451","451","Land (not built)","asset_fixed","False","","","Terreno (non edificato)"
"452","452","Land (built)","asset_fixed","False","","","Terreno (edificato)"
"453","453","Fabbricati strumentali","asset_fixed","False","","","Fabbricati strumentali"
"454","454","Construction","asset_fixed","False","","","Costruzioni"
"40","40","Financial charges (copy)","","False","","","ONERI FINANZIARI (copia)"
"405","405","Foreign exchange losses","","False","","","PERDITE SU CAMBI"
"4051","4051","Foreign exchange losses","","False","","","Perdite su cambi"
"4052","4052","Unrealized foreign exchange losses","","False","","","Perdite su cambi non realizzati"
"41","41","Write-down of financial assets","","False","","","SVAL.DI ATTIVITA' FINANZIARIE"
"411","411","Write-down of financial fixed assets","","False","","","SVAL.DI IMMOBILIZZ.FINANZIARIE"
"41101","41101","Deductible write-down of financial fixed assets","","False","","","Sval.immobilizz.finanziarie ded."
"4115","4115","Write-down of securities recorded under current assets","","False","","","SVAL.TIT.ISCRITTI ATTIVO CIRCOLANTE"
"41151","41151","Deductible write-down of securities recorded under current assets","","False","","","Sval.tit.iscritti attivo circ.ded."
"412","412","Write-down of derivative financial instruments","","False","","","SVAL.STRUMENTI FINANZIARI DERIVATI"
"421","421","Taxes related to previous financial years","","False","","","IMPOSTE RELATIVE A ESERC.PRECEDENTI"
"42101","42101","Non-deductible taxes from previous years","","False","","","Imposte relative a eserc.prec.inded"
"42107","42107","Other extraordinary deductible charges","","False","","","Altri oneri straordinari deducibili"
"425","425","Other charges","","False","","","ALTRI ONERI"
"4251","4251","Deductible extraordinary capital losses","","False","","","Minusval.straordinarie deducibili"
"4252","4252","Non-deductible extraordinary capital losses","","False","","","Minusval.straordinarie indeducibili"
"4258","4258","Non-deductible costs due to regime change","","False","","","Costi indeducibili cambio regime"
"43","43","Income taxes of the year","","False","","","IMPOSTE SUL REDDITO DELL'ESERCIZIO"
"431","431","Deferred and prepaid income taxes","","False","","","IMPOSTE SUL REDDITO DIFF.E ANTICIP."
"43101","43101","IRES - provision for deferred taxes","","False","","","IRES - accant.f.do imposte differ."
"43104","43104","IRES - prepaid taxes","","False","","","IRES - imposte anticipate"
"43107","43107","IRAP - provision for deferred taxes","","False","","","IRAP - accant.f.do imposte differ."
"435","435","Current income taxes","","False","","","IMPOSTE SUL REDDITO CORRENTI"
"4351","4351","IRES","","False","","","IRES"
"4352","4352","IRAP","","False","","","IRAP"
"44","44","Revenue from sales and services","income","False","","","RICAVI DELLE VENDITE E DELLE PREST."
"441","441","Foreign sales revenue","income","False","","","RICAVI DELLE VENDITE ESTERO"
"44101","44101","Product sales outside EU","income","False","","","Product sales non-EU"
"44103","44103","Intercompany sales","income","False","","","Intercompany sales"
"4415","4415","Revenue from services","income","False","","","RICAVI DELLE PRESTAZIONI"
"44151","44151","Services in Italy","income","False","","","Services in Italy"
"44152","44152","Services abroad","income","False","","","Services abroad"
"44153","44153","Active commissions","income","False","","","Provvigioni attive"
"442","442","Disposal of depreciable fixed assets","income","False","","","CESSIONE CESPITI AMMORTIZZABILI"
"44201","44201","Sale of buildings","income","False","","","Cessione fabbricati"
"44202","44202","Sale of equipment","income","False","","","Cessione attrezzature"
"442099","442099","Sale of other tangible assets","income","False","","","Cessione altri beni materiali"
"445","445","Domestic sales revenue","income","False","","","RICAVI DELLE VENDITE ITALIA"
"4451","4451","Product sales in Italy","income","False","","","Product sales in Italy"
"44511","44511","Fees","income","False","","","Corrispettivi"
"4454","4454","Product sales in the EU","income","False","","","Product sales in UE"
"4456","4456","Discounts, allowances, returns on Italian sales","income","False","","","Sconti,abb.,resi vend.Italia pass."
"48","48","Financial income","income","False","","","PROVENTI FINANZIARI"
"485","485","Income from equity investments","income","False","","","PROVENTI DA PARTECIPAZIONI"
"495","495","Other financial income","income","False","","","ALTRI PROVENTI FINANZIARI"
"49516","49516","Interest from trade receivables","income","False","","","Interessi da crediti verso clienti"
"49520","49520","Interest from bank deposits","income","False","","","Interessi da depositi bancari"
"49523","49523","Late payment interest","income","False","","","Interessi di mora"
"49524","49524","Discounts and other financial income","income","False","","","Sconti e altri proventi finanziari"
"5","5","Financial fixed assets","asset_fixed","False","","","IMMOBILIZZAZIONI FINANZIARIE"
"5101","5101","Equity investments in associated companies","asset_fixed","False","","","Partecipazioni in imprese collegate"
"5151","5151","Equity investments in parent companies","asset_fixed","False","","","Partecipazioni in impr.controllanti"
"525","525","Short-term receivables from subsidiaries (within 12 months)","asset_fixed","False","","","CRED.IMM.V/CONTROLLATE ENTRO 12MESI"
"53","53","Long-term receivables from subsidiaries (over 12 months)","asset_fixed","False","","","CRED.IMM.V/CONTROLLATE OLTRE 12MESI"
"535","535","Short-term receivables from associated companies (within 12 months)","asset_fixed","False","","","CRED.IMM.V/COLLEGATE ENTRO 12 MESI"
"54","54","Long-term receivables from associated companies (over 12 months)","asset_fixed","False","","","CRED.IMM.V/COLLEGATE OLTRE 12 MESI"
"545","545","Short-term receivables from parent companies (within 12 months)","asset_fixed","False","","","CRED.IMM.V/CONTROLLANTI < 12 MESI"
"55","55","Long-term receivables from parent companies (over 12 months)","asset_fixed","False","","","CRED.IMM.V/CONTROLLANTI > 12 MESI"
"555","555","Short-term receivables from others (within 12 months)","asset_fixed","False","","","CRED.IMM.VERSO ALTRI ENTRO 12 MESI"
"56","56","Long-term receivables from others (over 12 months)","asset_fixed","False","","","CRED.IMM.VERSO ALTRI OLTRE 12 MESI"
"5051","5051","Exchange rate gains","asset_fixed","False","","","Utili su cambi"
"5053","5053","Unrealized exchange rate gains","asset_fixed","False","","","Utili su cambi non realizzati"
"5151","5151","Revaluation of equity investments","asset_fixed","False","","","Rivalutazione partecipazioni"
"525","525","Deferred revenues","asset_fixed","False","","","Revenues to be reported"
"5251","5251","Realized capital gains on equity investments","asset_fixed","False","","","Plusv.realizzate relative a partec."
"52511","52511","Non-taxable income due to regime change","asset_fixed","False","","","Ricavi non imponibili cambio regime"
"5253","5253","Non-installment extraordinary capital gains","asset_fixed","False","","","Plusv.straordinarie non rateizz."
"5257","5257","Other extraordinary income","asset_fixed","False","","","Altri proventi straordinari"
"53","53","Loss to be carried forward","asset_fixed","False","","","Loss to be carried forward"
"531","531","COMMITMENTS MADE BY THE COMPANY","off_balance","False","","","IMPEGNI ASSUNTI DALL'IMPRESA"
"53101","53101","Goods to be received or delivered","off_balance","False","","","Merce da ricevere o consegnare"
"5315","5315","GUARANTEES, ENDORSEMENTS, AND WARRANTIES","off_balance","False","","","FIDEJUSSIONI, AVALLI E GARANZIE"
"53151","53151","Guarantees to companies","off_balance","False","","","Fidejussioni ad imprese"
"532","532","OTHER RISKS","off_balance","False","","","ALTRI RISCHI"
"53201","53201","Discounted or transferred receivables with recourse","off_balance","False","","","Cred.scontati o ceduti pro-solvendo"
"545","545","OFFSETTING OFF-BALANCE SHEET ACCOUNTS","off_balance","False","","","CONTI D'ORDINE (CONTROPARTITA)"
"555","555","TEMPORARY AND RESULT ACCOUNTS","off_balance","False","","","CONTI TRANSITORI E DI RISULTATO"
"5551","5551","Income statement","off_balance","False","","","Conto Economico"
"5552","5552","Balance sheet","off_balance","False","","","Stato patrimoniale"
"58","58","Deferred expenses","asset_current","False","","","Deferred expenses"
"58101","58101","Deferred expenses","asset_current","False","","","Deferred expenses"
"59","59","Deferred revenue","liability_current","False","","","Deferred Revenue"
"75","75","ADVANCES","asset_fixed","False","","","ACCONTI"
"7501","7501","Advances to suppliers","asset_fixed","False","","","Acconti a fornitori"
"91","91","Customers – EU","asset_receivable","True","","","Customers CEE"
"915","915","Customers – Non-EU","asset_receivable","True","","","Customers EXTRA CEE"
"95","95","Customers","asset_receivable","True","","","Customers"
