code,id,stripe_name,name
0742,veterinary_services,veterinary_services,Veterinary
0780,landscaping_services,landscaping_services,Landscaping Services
1520,general_services,general_services,General Services
1711,heating_plumbing_a_c,heating_plumbing_a_c,Heating Plumbing A C
1731,electrical_services,electrical_services,Electrical Services
1740,masonry_stonework_and_plaster,masonry_stonework_and_plaster,Masonry Stonework and Plaster
1750,carpentry_services,carpentry_services,Carpentry Services
1761,roofing_siding_sheet_metal,roofing_siding_sheet_metal,Roofing Siding Sheet Metal
1771,concrete_work_services,concrete_work_services,Concrete Work Services
1799,special_trade_services,special_trade_services,Special Trade Services
2741,miscellaneous_publishing_and_printing,miscellaneous_publishing_and_printing,Miscellaneous Publishing and Printing
2791,typesetting_plate_making_and_related_services,typesetting_plate_making_and_related_services,Typesetting Plate Making and Related Services
2842,specialty_cleaning,specialty_cleaning,Specialty Cleaning
4011,railroads,railroads,Railroads
4111,commuter_transport_and_ferries,commuter_transport_and_ferries,Commuter Transport and Ferries
4112,passenger_railways,passenger_railways,Passenger Railways
4119,ambulance_services,ambulance_services,Ambulance Services
4121,taxicabs_limousines,taxicabs_limousines,Taxicabs Limousines
4131,bus_lines,bus_lines,Bus Lines
4214,motor_freight_carriers_and_trucking,motor_freight_carriers_and_trucking,Motor Freight Carriers and Trucking
4215,courier_services,courier_services,Courier Services
4225,public_warehousing_and_storage,public_warehousing_and_storage,Public Warehousing and Storage
4411,cruise_lines,cruise_lines,Cruise Lines
4457,boat_rentals_and_leases,boat_rentals_and_leases,Boat Rentals and Leases
4468,marinas_service_and_supplies,marinas_service_and_supplies,Marinas Service and Supplies
4511,airlines_air_carriers,airlines_air_carriers,Airlines Air Carriers
4582,airports_flying_fields,airports_flying_fields,Airports Flying Fields
4722,travel_agencies_tour_operators,travel_agencies_tour_operators,Travel Agencies Tour Operators
4723,t_ui_travel_germany,t_ui_travel_germany,TUI Travel Germany
4784,tolls_bridge_fees,tolls_bridge_fees,Tolls Bridge Fees
4789,transportation_services,transportation_services,Transportation Services
4812,telecommunication_equipment_and_telephone_sales,telecommunication_equipment_and_telephone_sales,Telecommunication Equipment and Telephone Sales
4814,telecommunication_services,telecommunication_services,Telecommunication Services
4816,computer_network_services,computer_network_services,Computer Network Services
4821,telegraph_services,telegraph_services,Telegraph Services
4829,wires_money_orders,wires_money_orders,Wires Money Orders
4899,cable_satellite_and_other_pay_television_and_radio,cable_satellite_and_other_pay_television_and_radio,Cable Satellite and Other Pay Television and Radio
4900,utilities,utilities,Utilities
5013,motor_vehicle_supplies_and_new_parts,motor_vehicle_supplies_and_new_parts,Motor Vehicle Supplies and New Parts
5021,office_and_commercial_furniture,office_and_commercial_furniture,Office and Commercial Furniture
5039,construction_materials,construction_materials,Construction Materials
5044,photographic_photocopy_microfilm_equipment_and_supplies,photographic_photocopy_microfilm_equipment_and_supplies,Photographic Photocopy Microfilm Equipment and Supplies
5045,computers_peripherals_and_software,computers_peripherals_and_software,Computers Peripherals and Software
5046,commercial_equipment,commercial_equipment,Commercial Equipment
5047,medical_dental_ophthalmic_and_hospital_equipment_and_supplies,medical_dental_ophthalmic_and_hospital_equipment_and_supplies,Medical Dental Ophthalmic and Hospital Equipment and Supplies
5051,metal_service_centers,metal_service_centers,Metal Service Centers
5065,electrical_parts_and_equipment,electrical_parts_and_equipment,Electrical Parts and Equipment
5072,hardware_equipment_and_supplies,hardware_equipment_and_supplies,Hardware Equipment and Supplies
5074,plumbing_heating_equipment_and_supplies,plumbing_heating_equipment_and_supplies,Plumbing Heating Equipment and Supplies
5085,industrial_supplies,industrial_supplies,Industrial Supplies
5094,precious_stones_and_metals_watches_and_jewelry,precious_stones_and_metals_watches_and_jewelry,Precious Stones and Metals Watches and Jewelry
5099,durable_goods,durable_goods,Durable Goods
5122,drugs_drug_proprietaries_and_druggist_sundries,drugs_drug_proprietaries_and_druggist_sundries,Drugs Drug Proprietaries and Druggist Sundries
5131,piece_goods_notions_and_other_dry_goods,piece_goods_notions_and_other_dry_goods,Piece Goods Notions and Other Dry Goods
5137,uniforms_commercial_clothing,uniforms_commercial_clothing,Uniforms Commercial Clothing
5139,commercial_footwear,commercial_footwear,Commercial Footwear
5169,chemicals_and_allied_products,chemicals_and_allied_products,Chemicals and Allied Products
5172,petroleum_and_petroleum_products,petroleum_and_petroleum_products,Petroleum and Petroleum Products
5192,books_periodicals_and_newspapers,books_periodicals_and_newspapers,Books Periodicals and Newspapers
5193,florists_supplies_nursery_stock_and_flowers,florists_supplies_nursery_stock_and_flowers,Florists Supplies Nursery Stock and Flowers
5198,paints_varnishes_and_supplies,paints_varnishes_and_supplies,Paints Varnishes and Supplies
5199,nondurable_goods,nondurable_goods,Nondurable Goods
5200,home_supply_warehouse_stores,home_supply_warehouse_stores,Home Supply Warehouse Stores
5211,lumber_building_materials_stores,lumber_building_materials_stores,Lumber Building Materials Stores
5231,glass_paint_and_wallpaper_stores,glass_paint_and_wallpaper_stores,Glass Paint and Wallpaper Stores
5251,hardware_stores,hardware_stores,Hardware Stores
5261,nurseries_lawn_and_garden_supply_stores,nurseries_lawn_and_garden_supply_stores,Nurseries Lawn and Garden Supply Stores
5262,marketplaces,marketplaces,Marketplaces
5271,mobile_home_dealers,mobile_home_dealers,Mobile Home Dealers
5300,wholesale_clubs,wholesale_clubs,Wholesale Clubs
5309,duty_free_stores,duty_free_stores,Duty Free Stores
5310,discount_stores,discount_stores,Discount Stores
5311,department_stores,department_stores,Department Stores
5331,variety_stores,variety_stores,Variety Stores
5399,miscellaneous_general_merchandise,miscellaneous_general_merchandise,Miscellaneous General Merchandise
5411,grocery_stores_supermarkets,grocery_stores_supermarkets,Grocery Stores Supermarkets
5422,freezer_and_locker_meat_provisioners,freezer_and_locker_meat_provisioners,Freezer and Locker Meat Provisioners
5441,candy_nut_and_confectionery_stores,candy_nut_and_confectionery_stores,Candy Nut and Confectionery Stores
5451,dairy_products_stores,dairy_products_stores,Dairy Products Stores
5462,bakeries,bakeries,Bakeries
5499,miscellaneous_food_stores,miscellaneous_food_stores,Miscellaneous Food Stores
5511,car_and_truck_dealers_new_used,car_and_truck_dealers_new_used,Car and Truck Dealers New Used
5521,car_and_truck_dealers_used_only,car_and_truck_dealers_used_only,Car and Truck Dealers Used Only
5531,auto_and_home_supply_stores,auto_and_home_supply_stores,Auto and Home Supply Stores
5532,automotive_tire_stores,automotive_tire_stores,Automotive Tire Stores
5533,automotive_parts_and_accessories_stores,automotive_parts_and_accessories_stores,Automotive Parts and Accessories Stores
5541,service_stations,service_stations,Service Stations
5542,automated_fuel_dispensers,automated_fuel_dispensers,Automated Fuel Dispensers
5551,boat_dealers,boat_dealers,Boat Dealers
5552,electric_vehicle_charging,electric_vehicle_charging,Electric Vehicle Charging
5561,motorcycle_shops_dealers,motorcycle_shops_dealers,Motorcycle Shops Dealers
5571,motorcycle_shops_and_dealers,motorcycle_shops_and_dealers,Motorcycle Shops and Dealers
5592,motor_homes_dealers,motor_homes_dealers,Motor Homes Dealers
5598,snowmobile_dealers,snowmobile_dealers,Snowmobile Dealers
5599,miscellaneous_auto_dealers,miscellaneous_auto_dealers,Miscellaneous Auto Dealers
5611,mens_and_boys_clothing_and_accessories_stores,mens_and_boys_clothing_and_accessories_stores,Men and boys' Clothing and Accessories Stores
5621,womens_ready_to_wear_stores,womens_ready_to_wear_stores,Women's Ready to Wear Stores
5631,womens_accessory_and_specialty_shops,womens_accessory_and_specialty_shops,Women's Accessory and Specialty Shops
5641,childrens_and_infants_wear_stores,childrens_and_infants_wear_stores,Children and Infant's Wear Stores
5651,family_clothing_stores,family_clothing_stores,Family Clothing Stores
5655,sports_and_riding_apparel_stores,sports_and_riding_apparel_stores,Sports and Riding Apparel Stores
5661,shoe_stores,shoe_stores,Shoe Stores
5681,furriers_and_fur_shops,furriers_and_fur_shops,Furriers and Fur Shops
5691,mens_womens_clothing_stores,mens_womens_clothing_stores,Men and Women's Clothing Stores
5697,tailors_alterations,tailors_alterations,Tailors Alterations
5698,wig_and_toupee_stores,wig_and_toupee_stores,Wig and Toupee Stores
5699,miscellaneous_apparel_and_accessory_shops,miscellaneous_apparel_and_accessory_shops,Miscellaneous Apparel and Accessory Shops
5712,furniture_home_furnishings_and_equipment_stores_except_appliances,furniture_home_furnishings_and_equipment_stores_except_appliances,Furniture Home Furnishings and Equipment Stores Except Appliances
5713,floor_covering_stores,floor_covering_stores,Floor Covering Stores
5714,drapery_window_covering_and_upholstery_stores,drapery_window_covering_and_upholstery_stores,Drapery Window Covering and Upholstery Stores
5718,fireplace_fireplace_screens_and_accessories_stores,fireplace_fireplace_screens_and_accessories_stores,Fireplace Fireplace Screens and Accessories Stores
5719,miscellaneous_home_furnishing_specialty_stores,miscellaneous_home_furnishing_specialty_stores,Miscellaneous Home Furnishing Specialty Stores
5722,household_appliance_stores,household_appliance_stores,Household Appliance Stores
5732,electronics_stores,electronics_stores,Electronics Stores
5733,music_stores_musical_instruments_pianos_and_sheet_music,music_stores_musical_instruments_pianos_and_sheet_music,Music Stores Musical Instruments Pianos and Sheet Music
5734,computer_software_stores,computer_software_stores,Computer Software Stores
5735,record_stores,record_stores,Record Stores
5811,caterers,caterers,Caterers
5812,eating_places_restaurants,eating_places_restaurants,Eating Places Restaurants
5813,drinking_places,drinking_places,Drinking Places
5814,fast_food_restaurants,fast_food_restaurants,Fast Food Restaurants
5815,digital_goods_media,digital_goods_media,Digital Goods Media
5816,digital_goods_games,digital_goods_games,Digital Goods Games
5817,digital_goods_applications,digital_goods_applications,Digital Goods Applications
5818,digital_goods_large_volume,digital_goods_large_volume,Digital Goods Large Volume
5912,drug_stores_and_pharmacies,drug_stores_and_pharmacies,Drug Stores and Pharmacies
5921,package_stores_beer_wine_and_liquor,package_stores_beer_wine_and_liquor,Package Stores Beer Wine and Liquor
5931,used_merchandise_and_secondhand_stores,used_merchandise_and_secondhand_stores,Used Merchandise and Secondhand Stores
5932,antique_shops,antique_shops,Antique Shops
5933,pawn_shops,pawn_shops,Pawn Shops
5935,wrecking_and_salvage_yards,wrecking_and_salvage_yards,Wrecking and Salvage Yards
5937,antique_reproductions,antique_reproductions,Antique Reproductions
5940,bicycle_shops,bicycle_shops,Bicycle Shops
5941,sporting_goods_stores,sporting_goods_stores,Sporting Goods Stores
5942,book_stores,book_stores,Book Stores
5943,stationery_stores_office_and_school_supply_stores,stationery_stores_office_and_school_supply_stores,Stationery Stores Office and School Supply Stores
5944,jewelry_stores_watches_clocks_and_silverware_stores,jewelry_stores_watches_clocks_and_silverware_stores,Jewelry Stores Watches Clocks and Silverware Stores
5945,hobby_toy_and_game_shops,hobby_toy_and_game_shops,Hobby Toy and Game Shops
5946,camera_and_photographic_supply_stores,camera_and_photographic_supply_stores,Camera and Photographic Supply Stores
5947,gift_card_novelty_and_souvenir_shops,gift_card_novelty_and_souvenir_shops,Gift Card Novelty and Souvenir Shops
5948,luggage_and_leather_goods_stores,luggage_and_leather_goods_stores,Luggage and Leather Goods Stores
5949,sewing_needlework_fabric_and_piece_goods_stores,sewing_needlework_fabric_and_piece_goods_stores,Sewing Needlework Fabric and Piece Goods Stores
5950,glassware_crystal_stores,glassware_crystal_stores,Glassware Crystal Stores
5960,direct_marketing_insurance_services,direct_marketing_insurance_services,Direct Marketing Insurance Services
5962,direct_marketing_travel,direct_marketing_travel,Direct Marketing Travel
5963,door_to_door_sales,door_to_door_sales,Door To Door Sales
5964,direct_marketing_catalog_merchant,direct_marketing_catalog_merchant,Direct Marketing Catalog Merchant
5965,direct_marketing_combination_catalog_and_retail_merchant,direct_marketing_combination_catalog_and_retail_merchant,Direct Marketing Combination Catalog and Retail Merchant
5966,direct_marketing_outbound_telemarketing,direct_marketing_outbound_telemarketing,Direct Marketing Outbound Telemarketing
5967,direct_marketing_inbound_telemarketing,direct_marketing_inbound_telemarketing,Direct Marketing Inbound Telemarketing
5968,direct_marketing_subscription,direct_marketing_subscription,Direct Marketing Subscription
5969,direct_marketing_other,direct_marketing_other,Direct Marketing Other
5970,artists_supply_and_craft_shops,artists_supply_and_craft_shops,Artists Supply and Craft Shops
5971,art_dealers_and_galleries,art_dealers_and_galleries,Art Dealers and Galleries
5972,stamp_and_coin_stores,stamp_and_coin_stores,Stamp and Coin Stores
5973,religious_goods_stores,religious_goods_stores,Religious Goods Stores
5975,hearing_aids_sales_and_supplies,hearing_aids_sales_and_supplies,Hearing Aids Sales and Supplies
5976,orthopedic_goods_prosthetic_devices,orthopedic_goods_prosthetic_devices,Orthopedic Goods Prosthetic Devices
5977,cosmetic_stores,cosmetic_stores,Cosmetic Stores
5978,typewriter_stores,typewriter_stores,Typewriter Stores
5983,fuel_dealers_non_automotive,fuel_dealers_non_automotive,Fuel Dealers Non Automotive
5992,florists,florists,Florists
5993,cigar_stores_and_stands,cigar_stores_and_stands,Cigar Stores and Stands
5994,news_dealers_and_newsstands,news_dealers_and_newsstands,News Dealers and Newsstands
5995,pet_shops_pet_food_and_supplies,pet_shops_pet_food_and_supplies,Pet Shops Pet Food and Supplies
5996,swimming_pools_sales,swimming_pools_sales,Swimming Pools Sales
5997,electric_razor_stores,electric_razor_stores,Electric Razor Stores
5998,tent_and_awning_shops,tent_and_awning_shops,Tent and Awning Shops
5999,miscellaneous_specialty_retail,miscellaneous_specialty_retail,Miscellaneous Specialty Retail
6012,financial_institutions,financial_institutions,Financial Institutions
6051,non_fi_money_orders,non_fi_money_orders,Non-Fi Money Orders
6211,security_brokers_dealers,security_brokers_dealers,Security Brokers Dealers
6300,insurance_underwriting_premiums,insurance_underwriting_premiums,Insurance Underwriting Premiums
6513,real_estate_agents_and_managers_rentals,real_estate_agents_and_managers_rentals,Real Estate Agents and Managers Rentals
6540,non_fi_stored_value_card_purchase_load,non_fi_stored_value_card_purchase_load,Non-Fi Stored Value Card Purchase Load
7011,hotels_motels_and_resorts,hotels_motels_and_resorts,Hotels Motels and Resorts
7012,timeshares,timeshares,Timeshares
7032,sporting_recreation_camps,sporting_recreation_camps,Sporting Recreation Camps
7033,trailer_parks_campgrounds,trailer_parks_campgrounds,Trailer Parks Campgrounds
7210,laundry_cleaning_services,laundry_cleaning_services,Laundry Cleaning Services
7211,laundries,laundries,Laundries
7216,dry_cleaners,dry_cleaners,Dry Cleaners
7217,carpet_upholstery_cleaning,carpet_upholstery_cleaning,Carpet Upholstery Cleaning
7221,photographic_studios,photographic_studios,Photographic Studios
7230,barber_and_beauty_shops,barber_and_beauty_shops,Barber and Beauty Shops
7251,shoe_repair_hat_cleaning,shoe_repair_hat_cleaning,Shoe Repair Hat Cleaning
7261,funeral_services_crematories,funeral_services_crematories,Funeral Services Crematories
7276,tax_preparation_services,tax_preparation_services,Tax Preparation Services
7277,counseling_services,counseling_services,Counseling Services
7278,buying_shopping_services,buying_shopping_services,Buying Shopping Services
7296,clothing_rental,clothing_rental,Clothing Rental
7297,massage_parlors,massage_parlors,Massage Parlors
7298,health_and_beauty_spas,health_and_beauty_spas,Health and Beauty Spas
7299,miscellaneous_general_services,miscellaneous_general_services,Miscellaneous General Services
7311,advertising_services,advertising_services,Advertising Services
7321,credit_reporting_agencies,credit_reporting_agencies,Credit Reporting Agencies
7333,commercial_photography_art_and_graphics,commercial_photography_art_and_graphics,Commercial Photography Art and Graphics
7338,quick_copy_repro_and_blueprint,quick_copy_repro_and_blueprint,Quick Copy Repro and Blueprint
7339,secretarial_support_services,secretarial_support_services,Secretarial Support Services
7342,exterminating_services,exterminating_services,Exterminating Services
7349,cleaning_and_maintenance,cleaning_and_maintenance,Cleaning and Maintenance
7361,employment_temp_agencies,employment_temp_agencies,Employment Temp Agencies
7372,computer_programming,computer_programming,Computer Programming
7375,information_retrieval_services,information_retrieval_services,Information Retrieval Services
7379,computer_repair,computer_repair,Computer Repair
7392,consulting_public_relations,consulting_public_relations,Consulting Public Relations
7393,detective_agencies,detective_agencies,Detective Agencies
7394,equipment_rental,equipment_rental,Equipment Rental
7395,photo_developing,photo_developing,Photo Developing
7399,miscellaneous_business_services,miscellaneous_business_services,Miscellaneous Business Services
7513,truck_utility_trailer_rentals,truck_utility_trailer_rentals,Truck Utility Trailer Rentals
7519,recreational_vehicle_rentals,recreational_vehicle_rentals,Recreational Vehicle Rentals
7523,parking_lots_garages,parking_lots_garages,Parking Lots Garages
7531,auto_body_repair_shops,auto_body_repair_shops,Auto Body Repair Shops
7534,tire_retreading_and_repair,tire_retreading_and_repair,Tire Retreading and Repair
7535,auto_paint_shops,auto_paint_shops,Auto Paint Shops
7538,auto_service_shops,auto_service_shops,Auto Service Shops
7549,towing_services,towing_services,Towing Services
7622,electronics_repair_shops,electronics_repair_shops,Electronics Repair Shops
7623,ac_refrigeration_repair,ac_refrigeration_repair,AC Refrigeration Repair
7629,small_appliance_repair,small_appliance_repair,Small Appliance Repair
7631,watch_jewelry_repair,watch_jewelry_repair,Watch Jewelry Repair
7641,furniture_repairs_refinishing,furniture_repairs_refinishing,Furniture Repairs Refinishing
7692,welding_repair,welding_repair,Welding Repair
7800,government_owned_lotteries_us_region_only,government_owned_lotteries_us_region_only,Government Owned Lotteries US Region Only
7801,government_licensed_online_casinos_online_gambling_us_region_only,government_licensed_online_casinos_online_gambling_us_region_only,Government Licensed Online Casinos Online Gambling US Region Only
7802,government_licensed_horse_dog_racing_us_region_only,government_licensed_horse_dog_racing_us_region_only,Government Licensed Horse Dog Racing US Region Only
7829,picture_video_production,picture_video_production,Picture Video Production
7832,motion_picture_theaters_cinema,motion_picture_theaters_cinema,Motion Picture Theaters Cinema
7841,video_tape_rental_stores,video_tape_rental_stores,Video Tape Rental Stores
7911,dance_hall_studios_schools,dance_hall_studios_schools,Dance Hall Studios Schools
7922,theatrical_ticket_agencies,theatrical_ticket_agencies,Theatrical Ticket Agencies
7929,bands_orchestras,bands_orchestras,Bands Orchestras
7932,billiard_pool_establishments,billiard_pool_establishments,Billiard Pool Establishments
7933,bowling_alleys,bowling_alleys,Bowling Alleys
7941,sports_clubs_fields,sports_clubs_fields,Sports Clubs Fields
7991,tourist_attractions_and_exhibits,tourist_attractions_and_exhibits,Tourist Attractions and Exhibits
7992,golf_courses_public,golf_courses_public,Golf Courses Public
7993,video_amusement_game_supplies,video_amusement_game_supplies,Video Amusement Game Supplies
7994,video_game_arcades,video_game_arcades,Video Game Arcades
7995,betting_casino_gambling,betting_casino_gambling,Betting Casino Gambling
7996,amusement_parks_carnivals,amusement_parks_carnivals,Amusement Parks Carnivals
7997,country_clubs,country_clubs,Country Clubs
7998,aquariums,aquariums,Aquariums
7999,miscellaneous_recreation_services,miscellaneous_recreation_services,Miscellaneous Recreation Services
8011,doctors,doctors,Doctors
8021,dentists_orthodontists,dentists_orthodontists,Dentists Orthodontists
8031,osteopaths,osteopaths,Osteopaths
8041,chiropractors,chiropractors,Chiropractors
8042,optometrists_ophthalmologist,optometrists_ophthalmologist,Optometrists Ophthalmologist
8043,opticians_eyeglasses,opticians_eyeglasses,Opticians Eyeglasses
8049,chiropodists_podiatrists,chiropodists_podiatrists,Chiropodists Podiatrists
8050,nursing_personal_care,nursing_personal_care,Nursing Personal Care
8062,hospitals,hospitals,Hospitals
8071,medical_and_dental_labs,medical_and_dental_labs,Medical and Dental Labs
8099,medical_services,medical_services,Medical Services
8111,legal_services_attorneys,legal_services_attorneys,Legal Services Attorneys
8211,elementary_secondary_schools,elementary_secondary_schools,Elementary Secondary Schools
8220,colleges_universities,colleges_universities,Colleges Universities
8241,correspondence_schools,correspondence_schools,Correspondence Schools
8244,business_secretarial_schools,business_secretarial_schools,Business Secretarial Schools
8249,vocational_trade_schools,vocational_trade_schools,Vocational Trade Schools
8299,educational_services,educational_services,Educational Services
8351,child_care_services,child_care_services,Child Care Services
8398,charitable_and_social_service_organizations_fundraising,charitable_and_social_service_organizations_fundraising,Charitable and Social Service Organizations Fundraising
8641,civic_social_fraternal_associations,civic_social_fraternal_associations,Civic Social Fraternal Associations
8651,political_organizations,political_organizations,Political Organizations
8661,religious_organizations,religious_organizations,Religious Organizations
8675,automobile_associations,automobile_associations,Automobile Associations
8699,membership_organizations,membership_organizations,Membership Organizations
8734,testing_laboratories,testing_laboratories,Testing Laboratories
8911,architectural_surveying_services,architectural_surveying_services,Architectural Surveying Services
8931,accounting_bookkeeping_services,accounting_bookkeeping_services,Accounting Bookkeeping Services
8999,professional_services,professional_services,Professional Services
9211,court_costs,court_costs,Court Costs
9222,fines_government_administrative_entities,fines_government_administrative_entities,Fines Government Administrative Entities
9223,bail_and_bond_payments,bail_and_bond_payments,Bail and Bond Payments
9311,tax_payments_government_agencies,tax_payments_government_agencies,Tax Payments Government Agencies
9399,government_services,government_services,Government Services
9402,postal_services_government_only,postal_services_government_only,Postal Services Government Only
9405,u_s_federal_government_agencies_or_departments,u_s_federal_government_agencies_or_departments,U S Federal Government Agencies or Departments
9406,government_owned_lotteries_non_us_region,government_owned_lotteries_non_us_region,Government Owned Lotteries Non US Region
9702,emergency_services_gcas_visa_use_only,emergency_services_gcas_visa_use_only,Emergency Services GCAS Visa Use Only
9950,intra_company_purchases,intra_company_purchases,Intra Company Purchases
