id,name,model_id/id,group_id/id,perm_read,perm_write,perm_create,perm_unlink
access_esg_emission_source_model,access_esg_emission_source_model,model_esg_emission_source,base.group_user,1,1,1,1
access_esg_gas,esg.gas,model_esg_gas,base.group_user,1,1,1,1
access_esg_activity_type_model,access_esg_activity_type_model,model_esg_activity_type,base.group_user,1,1,1,1
access_esg_emission_factor_line_assignation_model,access_esg_emission_factor_line_assignation_model,model_esg_emission_factor_line_assignation,base.group_user,1,1,1,1
access_esg_emission_factor_model,access_esg_emission_factor_model,model_esg_emission_factor,base.group_user,1,1,1,1
access_esg_emission_factor_line_model,access_esg_emission_factor_line_model,model_esg_emission_factor_line,base.group_user,1,1,1,1
access_esg_database_model,access_esg_database_model,model_esg_database,base.group_user,1,1,1,1
access_factors_retroaction_wizard_model,access_factors_retroaction_wizard_model,model_factors_retroaction_wizard,base.group_user,1,1,1,1
access_esg_carbon_base_import_wizard_model,access_esg_carbon_base_import_wizard_model,model_esg_carbon_base_import_wizard,base.group_user,1,1,1,1
